title,year,link
And Chaos Died,1970,https://en.wikipedia.org/wiki/And_Chaos_Died
"Are You There God? It's Me, Margaret.",1970,"https://en.wikipedia.org/wiki/Are_You_There_God%3F_It%27s_Me,_Margaret."
Being There (novel),1970,https://en.wikipedia.org/wiki/Being_There_(novel)
Beyond the Golden Stair,1970,https://en.wikipedia.org/wiki/Beyond_the_Golden_Stair
Bless the Beasts and Children (novel),1970,https://en.wikipedia.org/wiki/Bless_the_Beasts_and_Children_(novel)
The Blessing Way,1970,https://en.wikipedia.org/wiki/The_Blessing_Way
Blue Movie (novel),1970,https://en.wikipedia.org/wiki/Blue_Movie_(novel)
The Bluest Eye,1970,https://en.wikipedia.org/wiki/The_Bluest_Eye
The Bombay Boomerang,1970,https://en.wikipedia.org/wiki/The_Bombay_Boomerang
Call Me Bandicoot,1970,https://en.wikipedia.org/wiki/Call_Me_Bandicoot
The Changeling (Snyder novel),1970,https://en.wikipedia.org/wiki/The_Changeling_(Snyder_novel)
Cruising (novel),1970,https://en.wikipedia.org/wiki/Cruising_(novel)
Daddy Was a Number Runner,1970,https://en.wikipedia.org/wiki/Daddy_Was_a_Number_Runner
The Daleth Effect,1970,https://en.wikipedia.org/wiki/The_Daleth_Effect
The Day After Judgment,1970,https://en.wikipedia.org/wiki/The_Day_After_Judgment
Dealing: or the Berkeley-to-Boston Forty-Brick Lost-Bag Blues,1970,https://en.wikipedia.org/wiki/Dealing:_or_the_Berkeley-to-Boston_Forty-Brick_Lost-Bag_Blues
The Death Strain,1970,https://en.wikipedia.org/wiki/The_Death_Strain
Deliverance (novel),1970,https://en.wikipedia.org/wiki/Deliverance_(novel)
Desperate Characters (novel),1970,https://en.wikipedia.org/wiki/Desperate_Characters_(novel)
Downward to the Earth,1970,https://en.wikipedia.org/wiki/Downward_to_the_Earth
Drug of Choice,1970,https://en.wikipedia.org/wiki/Drug_of_Choice
Enchantress from the Stars,1970,https://en.wikipedia.org/wiki/Enchantress_from_the_Stars
The Entrance to Porlock,1970,https://en.wikipedia.org/wiki/The_Entrance_to_Porlock
Fadeout (novel),1970,https://en.wikipedia.org/wiki/Fadeout_(novel)
The Fools in Town Are on Our Side,1970,https://en.wikipedia.org/wiki/The_Fools_in_Town_Are_on_Our_Side
The Friends of Eddie Coyle (novel),1970,https://en.wikipedia.org/wiki/The_Friends_of_Eddie_Coyle_(novel)
Ghost Dance (novel),1970,https://en.wikipedia.org/wiki/Ghost_Dance_(novel)
Grave Descend,1970,https://en.wikipedia.org/wiki/Grave_Descend
A Hero Ain't Nothin' but a Sandwich (novel),1970,https://en.wikipedia.org/wiki/A_Hero_Ain%27t_Nothin%27_but_a_Sandwich_(novel)
I Will Fear No Evil,1970,https://en.wikipedia.org/wiki/I_Will_Fear_No_Evil
The Incredible Tide,1970,https://en.wikipedia.org/wiki/The_Incredible_Tide
Islands in the Stream (novel),1970,https://en.wikipedia.org/wiki/Islands_in_the_Stream_(novel)
The Jesus Factor,1970,https://en.wikipedia.org/wiki/The_Jesus_Factor
Jonathan Livingston Seagull,1970,https://en.wikipedia.org/wiki/Jonathan_Livingston_Seagull
Knee-Knock Rise,1970,https://en.wikipedia.org/wiki/Knee-Knock_Rise
The Last Words of Dutch Schultz,1970,https://en.wikipedia.org/wiki/The_Last_Words_of_Dutch_Schultz
The Long Lavender Look,1970,https://en.wikipedia.org/wiki/The_Long_Lavender_Look
Lord of Dark Places,1970,https://en.wikipedia.org/wiki/Lord_of_Dark_Places
Lord of the Trees,1970,https://en.wikipedia.org/wiki/Lord_of_the_Trees
Lord Tyger,1970,https://en.wikipedia.org/wiki/Lord_Tyger
Losing Battles,1970,https://en.wikipedia.org/wiki/Losing_Battles
Love Story (novel),1970,https://en.wikipedia.org/wiki/Love_Story_(novel)
The Mad Goblin,1970,https://en.wikipedia.org/wiki/The_Mad_Goblin
Mandala (novel),1970,https://en.wikipedia.org/wiki/Mandala_(novel)
A Maze of Death,1970,https://en.wikipedia.org/wiki/A_Maze_of_Death
The Melted Coins,1970,https://en.wikipedia.org/wiki/The_Melted_Coins
Mr. Sammler's Planet,1970,https://en.wikipedia.org/wiki/Mr._Sammler%27s_Planet
Moving On (novel),1970,https://en.wikipedia.org/wiki/Moving_On_(novel)
The MÃ¼ller-Fokker Effect,1970,https://en.wikipedia.org/wiki/The_M%C3%BCller-Fokker_Effect
The Mysterious Mannequin,1970,https://en.wikipedia.org/wiki/The_Mysterious_Mannequin
The Mystery of the Flying Express,1970,https://en.wikipedia.org/wiki/The_Mystery_of_the_Flying_Express
The Naked Face,1970,https://en.wikipedia.org/wiki/The_Naked_Face
Nine Princes in Amber,1970,https://en.wikipedia.org/wiki/Nine_Princes_in_Amber
No Promises in the Wind,1970,https://en.wikipedia.org/wiki/No_Promises_in_the_Wind
Operation Ares,1970,https://en.wikipedia.org/wiki/Operation_Ares
Our Friends from Frolix 8,1970,https://en.wikipedia.org/wiki/Our_Friends_from_Frolix_8
Peggy (novel),1970,https://en.wikipedia.org/wiki/Peggy_(novel)
The Phantom Freighter,1970,https://en.wikipedia.org/wiki/The_Phantom_Freighter
Play It as It Lays,1970,https://en.wikipedia.org/wiki/Play_It_as_It_Lays
The Pnume,1970,https://en.wikipedia.org/wiki/The_Pnume
The Possession of Joel Delaney,1970,https://en.wikipedia.org/wiki/The_Possession_of_Joel_Delaney
QB VII,1970,https://en.wikipedia.org/wiki/QB_VII
Ringworld,1970,https://en.wikipedia.org/wiki/Ringworld
Ripley Under Ground,1970,https://en.wikipedia.org/wiki/Ripley_Under_Ground
Runaway Ralph,1970,https://en.wikipedia.org/wiki/Runaway_Ralph
The Secret in the Old Attic,1970,https://en.wikipedia.org/wiki/The_Secret_in_the_Old_Attic
Shaft (novel),1970,https://en.wikipedia.org/wiki/Shaft_(novel)
The Sign of the Crooked Arrow,1970,https://en.wikipedia.org/wiki/The_Sign_of_the_Crooked_Arrow
The Simultaneous Man,1970,https://en.wikipedia.org/wiki/The_Simultaneous_Man
Sing Down the Moon,1970,https://en.wikipedia.org/wiki/Sing_Down_the_Moon
A Slipping-Down Life (novel),1970,https://en.wikipedia.org/wiki/A_Slipping-Down_Life_(novel)
Spaceship Medic,1970,https://en.wikipedia.org/wiki/Spaceship_Medic
Speed (novel),1970,https://en.wikipedia.org/wiki/Speed_(novel)
Star Rogue,1970,https://en.wikipedia.org/wiki/Star_Rogue
Summer of the Swans,1970,https://en.wikipedia.org/wiki/Summer_of_the_Swans
Survival... Zero!,1970,https://en.wikipedia.org/wiki/Survival..._Zero!
Tau Zero,1970,https://en.wikipedia.org/wiki/Tau_Zero
The Third Life of Grange Copeland,1970,https://en.wikipedia.org/wiki/The_Third_Life_of_Grange_Copeland
This Perfect Day,1970,https://en.wikipedia.org/wiki/This_Perfect_Day
Thongor Fights the Pirates of Tarakus,1970,https://en.wikipedia.org/wiki/Thongor_Fights_the_Pirates_of_Tarakus
Time and Again (Finney novel),1970,https://en.wikipedia.org/wiki/Time_and_Again_(Finney_novel)
Tower of Glass,1970,https://en.wikipedia.org/wiki/Tower_of_Glass
The Trumpet of the Swan,1970,https://en.wikipedia.org/wiki/The_Trumpet_of_the_Swan
Two Sisters (novel),1970,https://en.wikipedia.org/wiki/Two_Sisters_(novel)
Whipping Star,1970,https://en.wikipedia.org/wiki/Whipping_Star
The Whispering Statue,1970,https://en.wikipedia.org/wiki/The_Whispering_Statue
Whom the Gods Would Destroy,1970,https://en.wikipedia.org/wiki/Whom_the_Gods_Would_Destroy
The Winds of Darkover,1970,https://en.wikipedia.org/wiki/The_Winds_of_Darkover
The Year of the Quiet Sun,1970,https://en.wikipedia.org/wiki/The_Year_of_the_Quiet_Sun
The Abortion: An Historical Romance 1966,1971,https://en.wikipedia.org/wiki/The_Abortion:_An_Historical_Romance_1966
Addie Pray,1971,https://en.wikipedia.org/wiki/Addie_Pray
The Adventures of Mao on the Long March,1971,https://en.wikipedia.org/wiki/The_Adventures_of_Mao_on_the_Long_March
Americana (novel),1971,https://en.wikipedia.org/wiki/Americana_(novel)
Ancient History (novel),1971,https://en.wikipedia.org/wiki/Ancient_History_(novel)
Angle of Repose,1971,https://en.wikipedia.org/wiki/Angle_of_Repose
Annie and the Old One,1971,https://en.wikipedia.org/wiki/Annie_and_the_Old_One
The Anome,1971,https://en.wikipedia.org/wiki/The_Anome
Another Roadside Attraction,1971,https://en.wikipedia.org/wiki/Another_Roadside_Attraction
The Antagonists (Gann novel),1971,https://en.wikipedia.org/wiki/The_Antagonists_(Gann_novel)
The Apple Dumpling Gang,1971,https://en.wikipedia.org/wiki/The_Apple_Dumpling_Gang
The Autobiography of Miss Jane Pittman,1971,https://en.wikipedia.org/wiki/The_Autobiography_of_Miss_Jane_Pittman
The Barefoot Man (novel),1971,https://en.wikipedia.org/wiki/The_Barefoot_Man_(novel)
Black Sun (Abbey novel),1971,https://en.wikipedia.org/wiki/Black_Sun_(Abbey_novel)
The Blood Oranges (novel),1971,https://en.wikipedia.org/wiki/The_Blood_Oranges_(novel)
The Book of Daniel (novel),1971,https://en.wikipedia.org/wiki/The_Book_of_Daniel_(novel)
The Children of Llyr,1971,https://en.wikipedia.org/wiki/The_Children_of_Llyr
The Clocks of Iraz,1971,https://en.wikipedia.org/wiki/The_Clocks_of_Iraz
Conan the Buccaneer,1971,https://en.wikipedia.org/wiki/Conan_the_Buccaneer
The Crooked Banister,1971,https://en.wikipedia.org/wiki/The_Crooked_Banister
The Dancer from Atlantis,1971,https://en.wikipedia.org/wiki/The_Dancer_from_Atlantis
Danger on Vampire Trail,1971,https://en.wikipedia.org/wiki/Danger_on_Vampire_Trail
Danny Dunn and the Swamp Monster,1971,https://en.wikipedia.org/wiki/Danny_Dunn_and_the_Swamp_Monster
Death of the Fox,1971,https://en.wikipedia.org/wiki/Death_of_the_Fox
The Dice Man,1971,https://en.wikipedia.org/wiki/The_Dice_Man
The Director (novel),1971,https://en.wikipedia.org/wiki/The_Director_(novel)
Dopefiend,1971,https://en.wikipedia.org/wiki/Dopefiend
Double or Nothing (Federman novel),1971,https://en.wikipedia.org/wiki/Double_or_Nothing_(Federman_novel)
The Drifters (novel),1971,https://en.wikipedia.org/wiki/The_Drifters_(novel)
The Exorcist (novel),1971,https://en.wikipedia.org/wiki/The_Exorcist_(novel)
The Fabulous Riverboat,1971,https://en.wikipedia.org/wiki/The_Fabulous_Riverboat
The Falling Astronauts,1971,https://en.wikipedia.org/wiki/The_Falling_Astronauts
Father's Day (novel),1971,https://en.wikipedia.org/wiki/Father%27s_Day_(novel)
Fear and Loathing in Las Vegas,1971,https://en.wikipedia.org/wiki/Fear_and_Loathing_in_Las_Vegas
The Ferguson Rifle,1971,https://en.wikipedia.org/wiki/The_Ferguson_Rifle
Finding Maubee,1971,https://en.wikipedia.org/wiki/Finding_Maubee
The First Four Years (novel),1971,https://en.wikipedia.org/wiki/The_First_Four_Years_(novel)
The Flickering Torch Mystery,1971,https://en.wikipedia.org/wiki/The_Flickering_Torch_Mystery
The Fly on the Wall,1971,https://en.wikipedia.org/wiki/The_Fly_on_the_Wall
The Flying Sorcerers,1971,https://en.wikipedia.org/wiki/The_Flying_Sorcerers
A Gift of Magic,1971,https://en.wikipedia.org/wiki/A_Gift_of_Magic
A Glimpse of Tiger,1971,https://en.wikipedia.org/wiki/A_Glimpse_of_Tiger
Glory (Vladimir Nabokov novel),1971,https://en.wikipedia.org/wiki/Glory_(Vladimir_Nabokov_novel)
Go Ask Alice,1971,https://en.wikipedia.org/wiki/Go_Ask_Alice
Gold the Man,1971,https://en.wikipedia.org/wiki/Gold_the_Man
Golf in the Kingdom,1971,https://en.wikipedia.org/wiki/Golf_in_the_Kingdom
Gray Matters (novel),1971,https://en.wikipedia.org/wiki/Gray_Matters_(novel)
Grendel (novel),1971,https://en.wikipedia.org/wiki/Grendel_(novel)
Gypsy in Amber,1971,https://en.wikipedia.org/wiki/Gypsy_in_Amber
Half Past Human,1971,https://en.wikipedia.org/wiki/Half_Past_Human
Harry Stottlemeier's Discovery,1971,https://en.wikipedia.org/wiki/Harry_Stottlemeier%27s_Discovery
The Headless Cupid,1971,https://en.wikipedia.org/wiki/The_Headless_Cupid
Hell House (novel),1971,https://en.wikipedia.org/wiki/Hell_House_(novel)
The Hooded Hawk Mystery,1971,https://en.wikipedia.org/wiki/The_Hooded_Hawk_Mystery
Hotel for Dogs,1971,https://en.wikipedia.org/wiki/Hotel_for_Dogs
Incident at Hawk's Hill,1971,https://en.wikipedia.org/wiki/Incident_at_Hawk%27s_Hill
Jack of Shadows,1971,https://en.wikipedia.org/wiki/Jack_of_Shadows
Jungle Lovers,1971,https://en.wikipedia.org/wiki/Jungle_Lovers
The Keeper of Secrets,1971,https://en.wikipedia.org/wiki/The_Keeper_of_Secrets
The Khaki Mafia,1971,https://en.wikipedia.org/wiki/The_Khaki_Mafia
The Kin of Ata Are Waiting for You,1971,https://en.wikipedia.org/wiki/The_Kin_of_Ata_Are_Waiting_for_You
The Lathe of Heaven,1971,https://en.wikipedia.org/wiki/The_Lathe_of_Heaven
Lion Country,1971,https://en.wikipedia.org/wiki/Lion_Country
Love in the Ruins,1971,https://en.wikipedia.org/wiki/Love_in_the_Ruins
The Magician (Stein novel),1971,https://en.wikipedia.org/wiki/The_Magician_(Stein_novel)
A Melon for Ecstasy,1971,https://en.wikipedia.org/wiki/A_Melon_for_Ecstasy
The Merry Month of May (novel),1971,https://en.wikipedia.org/wiki/The_Merry_Month_of_May_(novel)
Mrs. Frisby and the Rats of NIMH,1971,https://en.wikipedia.org/wiki/Mrs._Frisby_and_the_Rats_of_NIMH
The Mysterious Disappearance of Leon (I Mean Noel),1971,https://en.wikipedia.org/wiki/The_Mysterious_Disappearance_of_Leon_(I_Mean_Noel)
The Mystery at the Moss-Covered Mansion,1971,https://en.wikipedia.org/wiki/The_Mystery_at_the_Moss-Covered_Mansion
The Nazi and the Barber,1971,https://en.wikipedia.org/wiki/The_Nazi_and_the_Barber
The New Centurions (novel),1971,https://en.wikipedia.org/wiki/The_New_Centurions_(novel)
Operation Chaos (novel),1971,https://en.wikipedia.org/wiki/Operation_Chaos_(novel)
The Other (Tryon novel),1971,https://en.wikipedia.org/wiki/The_Other_(Tryon_novel)
Our Gang (novel),1971,https://en.wikipedia.org/wiki/Our_Gang_(novel)
The Outposter,1971,https://en.wikipedia.org/wiki/The_Outposter
Outworlder,1971,https://en.wikipedia.org/wiki/Outworlder
The Paper Chase (Osborn novel),1971,https://en.wikipedia.org/wiki/The_Paper_Chase_(Osborn_novel)
The Passions of the Mind,1971,https://en.wikipedia.org/wiki/The_Passions_of_the_Mind
Peregrine: Primus,1971,https://en.wikipedia.org/wiki/Peregrine:_Primus
Pic (novel),1971,https://en.wikipedia.org/wiki/Pic_(novel)
The Planet of Junior Brown (novel),1971,https://en.wikipedia.org/wiki/The_Planet_of_Junior_Brown_(novel)
The Poisoners (Hamilton novel),1971,https://en.wikipedia.org/wiki/The_Poisoners_(Hamilton_novel)
Post Office (novel),1971,https://en.wikipedia.org/wiki/Post_Office_(novel)
The Quest of Kadji,1971,https://en.wikipedia.org/wiki/The_Quest_of_Kadji
Rabbit Redux,1971,https://en.wikipedia.org/wiki/Rabbit_Redux
The Room (novel),1971,https://en.wikipedia.org/wiki/The_Room_(novel)
The Scarlatti Inheritance,1971,https://en.wikipedia.org/wiki/The_Scarlatti_Inheritance
The Season of the Witch,1971,https://en.wikipedia.org/wiki/The_Season_of_the_Witch
Son of Man (novel),1971,https://en.wikipedia.org/wiki/Son_of_Man_(novel)
Summer of '42 (book),1971,https://en.wikipedia.org/wiki/Summer_of_%2742_(book)
Tactics of Mistake,1971,https://en.wikipedia.org/wiki/Tactics_of_Mistake
A Tan and Sandy Silence,1971,https://en.wikipedia.org/wiki/A_Tan_and_Sandy_Silence
Tarantula (poetry collection),1971,https://en.wikipedia.org/wiki/Tarantula_(poetry_collection)
The Tenants (novel),1971,https://en.wikipedia.org/wiki/The_Tenants_(novel)
"That Was Then, This Is Now",1971,"https://en.wikipedia.org/wiki/That_Was_Then,_This_Is_Now"
"Then Again, Maybe I Won't",1971,"https://en.wikipedia.org/wiki/Then_Again,_Maybe_I_Won%27t"
The Throne of Saturn (novel),1971,https://en.wikipedia.org/wiki/The_Throne_of_Saturn_(novel)
The Tiger's Daughter,1971,https://en.wikipedia.org/wiki/The_Tiger%27s_Daughter
A Time of Changes,1971,https://en.wikipedia.org/wiki/A_Time_of_Changes
To Your Scattered Bodies Go,1971,https://en.wikipedia.org/wiki/To_Your_Scattered_Bodies_Go
The Tombs of Atuan,1971,https://en.wikipedia.org/wiki/The_Tombs_of_Atuan
The Trial of Martin Ross,1971,https://en.wikipedia.org/wiki/The_Trial_of_Martin_Ross
The Vertical Smile,1971,https://en.wikipedia.org/wiki/The_Vertical_Smile
The Wild Boys (novel),1971,https://en.wikipedia.org/wiki/The_Wild_Boys_(novel)
The Winds of War,1971,https://en.wikipedia.org/wiki/The_Winds_of_War
Wonderland (novel),1971,https://en.wikipedia.org/wiki/Wonderland_(novel)
The World Inside,1971,https://en.wikipedia.org/wiki/The_World_Inside
The World Menders,1971,https://en.wikipedia.org/wiki/The_World_Menders
The World Wreckers,1971,https://en.wikipedia.org/wiki/The_World_Wreckers
The Yellow Feather Mystery,1971,https://en.wikipedia.org/wiki/The_Yellow_Feather_Mystery
334 (novel),1972,https://en.wikipedia.org/wiki/334_(novel)
All My Friends Are Going to Be Strangers,1972,https://en.wikipedia.org/wiki/All_My_Friends_Are_Going_to_Be_Strangers
Augustus (Williams novel),1972,https://en.wikipedia.org/wiki/Augustus_(Williams_novel)
Autobiography of a Brown Buffalo,1972,https://en.wikipedia.org/wiki/Autobiography_of_a_Brown_Buffalo
The Best Christmas Pageant Ever,1972,https://en.wikipedia.org/wiki/The_Best_Christmas_Pageant_Ever
Beyond Apollo,1972,https://en.wikipedia.org/wiki/Beyond_Apollo
Binary (novel),1972,https://en.wikipedia.org/wiki/Binary_(novel)
Black Legion of Callisto,1972,https://en.wikipedia.org/wiki/Black_Legion_of_Callisto
Blackbriar (novel),1972,https://en.wikipedia.org/wiki/Blackbriar_(novel)
"Bless Me, Ultima",1972,"https://en.wikipedia.org/wiki/Bless_Me,_Ultima"
The Blue Knight (novel),1972,https://en.wikipedia.org/wiki/The_Blue_Knight_(novel)
The Book of Skulls,1972,https://en.wikipedia.org/wiki/The_Book_of_Skulls
The Breast,1972,https://en.wikipedia.org/wiki/The_Breast
Cannibal Adventure,1972,https://en.wikipedia.org/wiki/Cannibal_Adventure
Canto for a Gypsy,1972,https://en.wikipedia.org/wiki/Canto_for_a_Gypsy
Captains and the Kings,1972,https://en.wikipedia.org/wiki/Captains_and_the_Kings
The Car Thief,1972,https://en.wikipedia.org/wiki/The_Car_Thief
Chase (novel),1972,https://en.wikipedia.org/wiki/Chase_(novel)
Chimera (Barth novel),1972,https://en.wikipedia.org/wiki/Chimera_(Barth_novel)
Chocolate Fever,1972,https://en.wikipedia.org/wiki/Chocolate_Fever
The Clock Winder,1972,https://en.wikipedia.org/wiki/The_Clock_Winder
The Clue in the Embers,1972,https://en.wikipedia.org/wiki/The_Clue_in_the_Embers
Cyborg (novel),1972,https://en.wikipedia.org/wiki/Cyborg_(novel)
Darkover Landfall,1972,https://en.wikipedia.org/wiki/Darkover_Landfall
Daughter of Darkness (novel),1972,https://en.wikipedia.org/wiki/Daughter_of_Darkness_(novel)
A Day No Pigs Would Die,1972,https://en.wikipedia.org/wiki/A_Day_No_Pigs_Would_Die
Death Wish (novel),1972,https://en.wikipedia.org/wiki/Death_Wish_(novel)
Deathwatch (novel),1972,https://en.wikipedia.org/wiki/Deathwatch_(novel)
Deryni Checkmate,1972,https://en.wikipedia.org/wiki/Deryni_Checkmate
The Dissertation (novel),1972,https://en.wikipedia.org/wiki/The_Dissertation_(novel)
Divine Right's Trip,1972,https://en.wikipedia.org/wiki/Divine_Right%27s_Trip
A Dog's Ransom,1972,https://en.wikipedia.org/wiki/A_Dog%27s_Ransom
Dying Inside,1972,https://en.wikipedia.org/wiki/Dying_Inside
The Eiger Sanction (novel),1972,https://en.wikipedia.org/wiki/The_Eiger_Sanction_(novel)
End Zone,1972,https://en.wikipedia.org/wiki/End_Zone
The Farthest Shore,1972,https://en.wikipedia.org/wiki/The_Farthest_Shore
The Fifth Head of Cerberus,1972,https://en.wikipedia.org/wiki/The_Fifth_Head_of_Cerberus
First Blood (novel),1972,https://en.wikipedia.org/wiki/First_Blood_(novel)
The Flame and the Flower,1972,https://en.wikipedia.org/wiki/The_Flame_and_the_Flower
The Flesh in the Furnace,1972,https://en.wikipedia.org/wiki/The_Flesh_in_the_Furnace
Freaky Friday,1972,https://en.wikipedia.org/wiki/Freaky_Friday
Glass People,1972,https://en.wikipedia.org/wiki/Glass_People
The Godmakers (novel),1972,https://en.wikipedia.org/wiki/The_Godmakers_(novel)
The Gods Themselves,1972,https://en.wikipedia.org/wiki/The_Gods_Themselves
Green Darkness,1972,https://en.wikipedia.org/wiki/Green_Darkness
The Guns of Avalon,1972,https://en.wikipedia.org/wiki/The_Guns_of_Avalon
The Halloween Tree,1972,https://en.wikipedia.org/wiki/The_Halloween_Tree
The Hessian,1972,https://en.wikipedia.org/wiki/The_Hessian
Hope for the Flowers,1972,https://en.wikipedia.org/wiki/Hope_for_the_Flowers
In the Ocean of Night,1972,https://en.wikipedia.org/wiki/In_the_Ocean_of_Night
The Intriguers,1972,https://en.wikipedia.org/wiki/The_Intriguers
The Iron Dream,1972,https://en.wikipedia.org/wiki/The_Iron_Dream
It's Not the End of the World,1972,https://en.wikipedia.org/wiki/It%27s_Not_the_End_of_the_World
Jandar of Callisto,1972,https://en.wikipedia.org/wiki/Jandar_of_Callisto
Julie of the Wolves,1972,https://en.wikipedia.org/wiki/Julie_of_the_Wolves
The Kid Who Only Hit Homers,1972,https://en.wikipedia.org/wiki/The_Kid_Who_Only_Hit_Homers
Lighthouse (novel),1972,https://en.wikipedia.org/wiki/Lighthouse_(novel)
Like the Lion's Tooth,1972,https://en.wikipedia.org/wiki/Like_the_Lion%27s_Tooth
The Listeners (novel),1972,https://en.wikipedia.org/wiki/The_Listeners_(novel)
The Man Who Loved Cat Dancing,1972,https://en.wikipedia.org/wiki/The_Man_Who_Loved_Cat_Dancing
M*A*S*H Goes to Maine,1972,https://en.wikipedia.org/wiki/M*A*S*H_Goes_to_Maine
The Masked Monkey,1972,https://en.wikipedia.org/wiki/The_Masked_Monkey
Mention My Name in Atlantis,1972,https://en.wikipedia.org/wiki/Mention_My_Name_in_Atlantis
The Message in the Hollow Oak,1972,https://en.wikipedia.org/wiki/The_Message_in_the_Hollow_Oak
Mumbo Jumbo (novel),1972,https://en.wikipedia.org/wiki/Mumbo_Jumbo_(novel)
My Name Is Asher Lev,1972,https://en.wikipedia.org/wiki/My_Name_Is_Asher_Lev
The Mystery of the Brass Bound Trunk,1972,https://en.wikipedia.org/wiki/The_Mystery_of_the_Brass_Bound_Trunk
The Optimist's Daughter,1972,https://en.wikipedia.org/wiki/The_Optimist%27s_Daughter
The Osterman Weekend,1972,https://en.wikipedia.org/wiki/The_Osterman_Weekend
Otherwise Known as Sheila the Great,1972,https://en.wikipedia.org/wiki/Otherwise_Known_as_Sheila_the_Great
P.S. Your Cat Is Dead,1972,https://en.wikipedia.org/wiki/P.S._Your_Cat_Is_Dead
The Rebel Outlaw: Josey Wales,1972,https://en.wikipedia.org/wiki/The_Rebel_Outlaw:_Josey_Wales
A Report from Group 17,1972,https://en.wikipedia.org/wiki/A_Report_from_Group_17
The Revolt of the Cockroach People,1972,https://en.wikipedia.org/wiki/The_Revolt_of_the_Cockroach_People
The Rocksburg Railroad Murders,1972,https://en.wikipedia.org/wiki/The_Rocksburg_Railroad_Murders
The Scarlet Ruse,1972,https://en.wikipedia.org/wiki/The_Scarlet_Ruse
The Second Trip,1972,https://en.wikipedia.org/wiki/The_Second_Trip
The Secret of Mirror Bay,1972,https://en.wikipedia.org/wiki/The_Secret_of_Mirror_Bay
The Secret of Pirates' Hill,1972,https://en.wikipedia.org/wiki/The_Secret_of_Pirates%27_Hill
The Song of Rhiannon,1972,https://en.wikipedia.org/wiki/The_Song_of_Rhiannon
Soul Catcher (novel),1972,https://en.wikipedia.org/wiki/Soul_Catcher_(novel)
The Stepford Wives,1972,https://en.wikipedia.org/wiki/The_Stepford_Wives
The Stones of Summer,1972,https://en.wikipedia.org/wiki/The_Stones_of_Summer
The Sunlight Dialogues,1972,https://en.wikipedia.org/wiki/The_Sunlight_Dialogues
Tales of a Fourth Grade Nothing,1972,https://en.wikipedia.org/wiki/Tales_of_a_Fourth_Grade_Nothing
The Tar-Aiym Krang,1972,https://en.wikipedia.org/wiki/The_Tar-Aiym_Krang
Tarzan Alive: A Definitive Biography of Lord Greystoke,1972,https://en.wikipedia.org/wiki/Tarzan_Alive:_A_Definitive_Biography_of_Lord_Greystoke
The Terminal Man,1972,https://en.wikipedia.org/wiki/The_Terminal_Man
The Toothpaste Millionaire,1972,https://en.wikipedia.org/wiki/The_Toothpaste_Millionaire
There Will Be Time,1972,https://en.wikipedia.org/wiki/There_Will_Be_Time
Transparent Things (novel),1972,https://en.wikipedia.org/wiki/Transparent_Things_(novel)
Trilogy of Desire,1972,https://en.wikipedia.org/wiki/Trilogy_of_Desire
Tunnel Through the Deeps,1972,https://en.wikipedia.org/wiki/Tunnel_Through_the_Deeps
Two from Galilee,1972,https://en.wikipedia.org/wiki/Two_from_Galilee
Visions of Cody,1972,https://en.wikipedia.org/wiki/Visions_of_Cody
The Water-Method Man,1972,https://en.wikipedia.org/wiki/The_Water-Method_Man
We Can Build You,1972,https://en.wikipedia.org/wiki/We_Can_Build_You
When HARLIE Was One,1972,https://en.wikipedia.org/wiki/When_HARLIE_Was_One
Whoreson (novel),1972,https://en.wikipedia.org/wiki/Whoreson_(novel)
The Wicked City (Singer novel),1972,https://en.wikipedia.org/wiki/The_Wicked_City_(Singer_novel)
The Witches of Worm,1972,https://en.wikipedia.org/wiki/The_Witches_of_Worm
The Word (novel),1972,https://en.wikipedia.org/wiki/The_Word_(novel)
Yankee in Oz,1972,https://en.wikipedia.org/wiki/Yankee_in_Oz
Agent Counter-Agent,1973,https://en.wikipedia.org/wiki/Agent_Counter-Agent
Assignment Nor'Dyren,1973,https://en.wikipedia.org/wiki/Assignment_Nor%27Dyren
Bad Ronald (novel),1973,https://en.wikipedia.org/wiki/Bad_Ronald_(novel)
Bloodhype,1973,https://en.wikipedia.org/wiki/Bloodhype
Breakfast of Champions,1973,https://en.wikipedia.org/wiki/Breakfast_of_Champions
Burnt Offerings (Marasco novel),1973,https://en.wikipedia.org/wiki/Burnt_Offerings_(Marasco_novel)
Burr (novel),1973,https://en.wikipedia.org/wiki/Burr_(novel)
The Cat Who Wished to Be a Man,1973,https://en.wikipedia.org/wiki/The_Cat_Who_Wished_to_Be_a_Man
Child of God,1973,https://en.wikipedia.org/wiki/Child_of_God
The Code (novel),1973,https://en.wikipedia.org/wiki/The_Code_(novel)
"Come Nineveh, Come Tyre",1973,"https://en.wikipedia.org/wiki/Come_Nineveh,_Come_Tyre"
Dance Hall of the Dead,1973,https://en.wikipedia.org/wiki/Dance_Hall_of_the_Dead
Deenie,1973,https://en.wikipedia.org/wiki/Deenie
Doc Savage: His Apocalyptic Life,1973,https://en.wikipedia.org/wiki/Doc_Savage:_His_Apocalyptic_Life
The Double Jinx Mystery,1973,https://en.wikipedia.org/wiki/The_Double_Jinx_Mystery
Dutch Uncle (novel),1973,https://en.wikipedia.org/wiki/Dutch_Uncle_(novel)
Equinox (novel),1973,https://en.wikipedia.org/wiki/Equinox_(novel)
Excalibur (novel),1973,https://en.wikipedia.org/wiki/Excalibur_(novel)
A Fairy Tale of New York,1973,https://en.wikipedia.org/wiki/A_Fairy_Tale_of_New_York
The Fallible Fiend,1973,https://en.wikipedia.org/wiki/The_Fallible_Fiend
Fear of Flying (novel),1973,https://en.wikipedia.org/wiki/Fear_of_Flying_(novel)
Flags in the Dust,1973,https://en.wikipedia.org/wiki/Flags_in_the_Dust
For Want of a Nail (novel),1973,https://en.wikipedia.org/wiki/For_Want_of_a_Nail_(novel)
The Genie of Sutton Place,1973,https://en.wikipedia.org/wiki/The_Genie_of_Sutton_Place
The Godwulf Manuscript,1973,https://en.wikipedia.org/wiki/The_Godwulf_Manuscript
Going Home (Steel novel),1973,https://en.wikipedia.org/wiki/Going_Home_(Steel_novel)
Gravity's Rainbow,1973,https://en.wikipedia.org/wiki/Gravity%27s_Rainbow
The Great American Novel (Roth novel),1973,https://en.wikipedia.org/wiki/The_Great_American_Novel_(Roth_novel)
Great Jones Street (novel),1973,https://en.wikipedia.org/wiki/Great_Jones_Street_(novel)
Harvest Home (novel),1973,https://en.wikipedia.org/wiki/Harvest_Home_(novel)
Hellstrom's Hive,1973,https://en.wikipedia.org/wiki/Hellstrom%27s_Hive
Hiero's Journey,1973,https://en.wikipedia.org/wiki/Hiero%27s_Journey
High Deryni,1973,https://en.wikipedia.org/wiki/High_Deryni
High Hunt,1973,https://en.wikipedia.org/wiki/High_Hunt
The House on Parchment Street,1973,https://en.wikipedia.org/wiki/The_House_on_Parchment_Street
The House with a Clock in Its Walls,1973,https://en.wikipedia.org/wiki/The_House_with_a_Clock_in_Its_Walls
How to Eat Fried Worms,1973,https://en.wikipedia.org/wiki/How_to_Eat_Fried_Worms
Hrolf Kraki's Saga (novel),1973,https://en.wikipedia.org/wiki/Hrolf_Kraki%27s_Saga_(novel)
I Know What You Did Last Summer (novel),1973,https://en.wikipedia.org/wiki/I_Know_What_You_Did_Last_Summer_(novel)
The Infinite Man,1973,https://en.wikipedia.org/wiki/The_Infinite_Man
Joshua Son of None,1973,https://en.wikipedia.org/wiki/Joshua_Son_of_None
Kentucky Ham,1973,https://en.wikipedia.org/wiki/Kentucky_Ham
The Loo Sanction,1973,https://en.wikipedia.org/wiki/The_Loo_Sanction
The Man Who Folded Himself,1973,https://en.wikipedia.org/wiki/The_Man_Who_Folded_Himself
The Man Who Liked to Look at Himself,1973,https://en.wikipedia.org/wiki/The_Man_Who_Liked_to_Look_at_Himself
The Man Who Loved Mars,1973,https://en.wikipedia.org/wiki/The_Man_Who_Loved_Mars
The Matlock Paper,1973,https://en.wikipedia.org/wiki/The_Matlock_Paper
The Miernik Dossier,1973,https://en.wikipedia.org/wiki/The_Miernik_Dossier
The Mystery at Devil's Paw,1973,https://en.wikipedia.org/wiki/The_Mystery_at_Devil%27s_Paw
Once Is Not Enough,1973,https://en.wikipedia.org/wiki/Once_Is_Not_Enough
Operation Burning Candle,1973,https://en.wikipedia.org/wiki/Operation_Burning_Candle
Operation Nuke,1973,https://en.wikipedia.org/wiki/Operation_Nuke
The Other Log of Phileas Fogg,1973,https://en.wikipedia.org/wiki/The_Other_Log_of_Phileas_Fogg
The Other Side of Midnight,1973,https://en.wikipedia.org/wiki/The_Other_Side_of_Midnight
The Penitent,1973,https://en.wikipedia.org/wiki/The_Penitent
The People of the Wind,1973,https://en.wikipedia.org/wiki/The_People_of_the_Wind
Please Pass the Guilt,1973,https://en.wikipedia.org/wiki/Please_Pass_the_Guilt
Port of Saints,1973,https://en.wikipedia.org/wiki/Port_of_Saints
The Princess Bride (novel),1973,https://en.wikipedia.org/wiki/The_Princess_Bride_(novel)
Protector (novel),1973,https://en.wikipedia.org/wiki/Protector_(novel)
Rubyfruit Jungle,1973,https://en.wikipedia.org/wiki/Rubyfruit_Jungle
Saint Jack,1973,https://en.wikipedia.org/wiki/Saint_Jack
The Sex Magicians,1973,https://en.wikipedia.org/wiki/The_Sex_Magicians
Shattered (Koontz novel),1973,https://en.wikipedia.org/wiki/Shattered_(Koontz_novel)
The Shattered Helmet,1973,https://en.wikipedia.org/wiki/The_Shattered_Helmet
The Sign of the Chrysanthemum,1973,https://en.wikipedia.org/wiki/The_Sign_of_the_Chrysanthemum
Sky Pirates of Callisto,1973,https://en.wikipedia.org/wiki/Sky_Pirates_of_Callisto
The Slave Dancer,1973,https://en.wikipedia.org/wiki/The_Slave_Dancer
Sleeping Beauty (novel),1973,https://en.wikipedia.org/wiki/Sleeping_Beauty_(novel)
Socks (novel),1973,https://en.wikipedia.org/wiki/Socks_(novel)
Some Other Place. The Right Place.,1973,https://en.wikipedia.org/wiki/Some_Other_Place._The_Right_Place.
Space Relations,1973,https://en.wikipedia.org/wiki/Space_Relations
Star Smashers of the Galaxy Rangers,1973,https://en.wikipedia.org/wiki/Star_Smashers_of_the_Galaxy_Rangers
The Story of the Phantom: The Ghost Who Walks,1973,https://en.wikipedia.org/wiki/The_Story_of_the_Phantom:_The_Ghost_Who_Walks
Sula (novel),1973,https://en.wikipedia.org/wiki/Sula_(novel)
Summer of My German Soldier,1973,https://en.wikipedia.org/wiki/Summer_of_My_German_Soldier
The Taking of Pelham One Two Three (novel),1973,https://en.wikipedia.org/wiki/The_Taking_of_Pelham_One_Two_Three_(novel)
A Taste of Blackberries,1973,https://en.wikipedia.org/wiki/A_Taste_of_Blackberries
The Temple of the Ten,1973,https://en.wikipedia.org/wiki/The_Temple_of_the_Ten
Theophilus North,1973,https://en.wikipedia.org/wiki/Theophilus_North
The Throme of the Erril of Sherill,1973,https://en.wikipedia.org/wiki/The_Throme_of_the_Erril_of_Sherill
Time Enough for Love,1973,https://en.wikipedia.org/wiki/Time_Enough_for_Love
To Die in Italbar,1973,https://en.wikipedia.org/wiki/To_Die_in_Italbar
Today We Choose Faces,1973,https://en.wikipedia.org/wiki/Today_We_Choose_Faces
The Tower (Stern novel),1973,https://en.wikipedia.org/wiki/The_Tower_(Stern_novel)
Traitor to the Living,1973,https://en.wikipedia.org/wiki/Traitor_to_the_Living
Trevayne,1973,https://en.wikipedia.org/wiki/Trevayne
Trullion: Alastor 2262,1973,https://en.wikipedia.org/wiki/Trullion:_Alastor_2262
The Turquoise Lament,1973,https://en.wikipedia.org/wiki/The_Turquoise_Lament
The Ultimate Solution,1973,https://en.wikipedia.org/wiki/The_Ultimate_Solution
Ursus of Ultima Thule,1973,https://en.wikipedia.org/wiki/Ursus_of_Ultima_Thule
When the Bough Breaks (Duncan novel),1973,https://en.wikipedia.org/wiki/When_the_Bough_Breaks_(Duncan_novel)
A Wind in the Door,1973,https://en.wikipedia.org/wiki/A_Wind_in_the_Door
Year of the Intern,1973,https://en.wikipedia.org/wiki/Year_of_the_Intern
The 158-Pound Marriage,1974,https://en.wikipedia.org/wiki/The_158-Pound_Marriage
The Adventure of the Peerless Peer,1974,https://en.wikipedia.org/wiki/The_Adventure_of_the_Peerless_Peer
The Agent of Death,1974,https://en.wikipedia.org/wiki/The_Agent_of_Death
Alphabetical Africa,1974,https://en.wikipedia.org/wiki/Alphabetical_Africa
American Gothic (novel),1974,https://en.wikipedia.org/wiki/American_Gothic_(novel)
The Asutra,1974,https://en.wikipedia.org/wiki/The_Asutra
The Bastard (novel),1974,https://en.wikipedia.org/wiki/The_Bastard_(novel)
Black Girl Lost,1974,https://en.wikipedia.org/wiki/Black_Girl_Lost
The Bladerunner,1974,https://en.wikipedia.org/wiki/The_Bladerunner
The Blank Page,1974,https://en.wikipedia.org/wiki/The_Blank_Page
Blubber (novel),1974,https://en.wikipedia.org/wiki/Blubber_(novel)
Carrie (novel),1974,https://en.wikipedia.org/wiki/Carrie_(novel)
The Cat Ate My Gymsuit,1974,https://en.wikipedia.org/wiki/The_Cat_Ate_My_Gymsuit
Celestial Navigation (novel),1974,https://en.wikipedia.org/wiki/Celestial_Navigation_(novel)
Centennial (novel),1974,https://en.wikipedia.org/wiki/Centennial_(novel)
The Cheerleader,1974,https://en.wikipedia.org/wiki/The_Cheerleader
The Chocolate War,1974,https://en.wikipedia.org/wiki/The_Chocolate_War
The Clue of the Hissing Serpent,1974,https://en.wikipedia.org/wiki/The_Clue_of_the_Hissing_Serpent
Cogan's Trade,1974,https://en.wikipedia.org/wiki/Cogan%27s_Trade
The Cry of the Halidon,1974,https://en.wikipedia.org/wiki/The_Cry_of_the_Halidon
Cry Revenge,1974,https://en.wikipedia.org/wiki/Cry_Revenge
Daddy Cool (novel),1974,https://en.wikipedia.org/wiki/Daddy_Cool_(novel)
"Danny Dunn, Invisible Boy",1974,"https://en.wikipedia.org/wiki/Danny_Dunn,_Invisible_Boy"
Dhalgren,1974,https://en.wikipedia.org/wiki/Dhalgren
The Dispossessed,1974,https://en.wikipedia.org/wiki/The_Dispossessed
Dog Soldiers (novel),1974,https://en.wikipedia.org/wiki/Dog_Soldiers_(novel)
Down a Dark Hall,1974,https://en.wikipedia.org/wiki/Down_a_Dark_Hall
The Dreadful Lemon Sky,1974,https://en.wikipedia.org/wiki/The_Dreadful_Lemon_Sky
Duffy's Rocks,1974,https://en.wikipedia.org/wiki/Duffy%27s_Rocks
Eldorado Red,1974,https://en.wikipedia.org/wiki/Eldorado_Red
The Fan Club,1974,https://en.wikipedia.org/wiki/The_Fan_Club
The Fan Man,1974,https://en.wikipedia.org/wiki/The_Fan_Man
Figgs & Phantoms,1974,https://en.wikipedia.org/wiki/Figgs_%26_Phantoms
Fire Time,1974,https://en.wikipedia.org/wiki/Fire_Time
Fletch (novel),1974,https://en.wikipedia.org/wiki/Fletch_(novel)
"Flow My Tears, the Policeman Said",1974,"https://en.wikipedia.org/wiki/Flow_My_Tears,_the_Policeman_Said"
The Forever War,1974,https://en.wikipedia.org/wiki/The_Forever_War
The Forgotten Beasts of Eld,1974,https://en.wikipedia.org/wiki/The_Forgotten_Beasts_of_Eld
The Front Runner (novel),1974,https://en.wikipedia.org/wiki/The_Front_Runner_(novel)
Gather Together in My Name,1974,https://en.wikipedia.org/wiki/Gather_Together_in_My_Name
The Glass Inferno,1974,https://en.wikipedia.org/wiki/The_Glass_Inferno
God Save the Child,1974,https://en.wikipedia.org/wiki/God_Save_the_Child
The Godwhale,1974,https://en.wikipedia.org/wiki/The_Godwhale
The Gray Prince,1974,https://en.wikipedia.org/wiki/The_Gray_Prince
Greenhorn on the Frontier,1974,https://en.wikipedia.org/wiki/Greenhorn_on_the_Frontier
Hadon of Ancient Opar,1974,https://en.wikipedia.org/wiki/Hadon_of_Ancient_Opar
The Hair of Harold Roux,1974,https://en.wikipedia.org/wiki/The_Hair_of_Harold_Roux
The Hammer of God (DeMille novel),1974,https://en.wikipedia.org/wiki/The_Hammer_of_God_(DeMille_novel)
The Hawkline Monster: A Gothic Western,1974,https://en.wikipedia.org/wiki/The_Hawkline_Monster:_A_Gothic_Western
High Crystal,1974,https://en.wikipedia.org/wiki/High_Crystal
The Holdfast Chronicles,1974,https://en.wikipedia.org/wiki/The_Holdfast_Chronicles
House of Stairs (Sleator novel),1974,https://en.wikipedia.org/wiki/House_of_Stairs_(Sleator_novel)
Icerigger,1974,https://en.wikipedia.org/wiki/Icerigger
If Beale Street Could Talk,1974,https://en.wikipedia.org/wiki/If_Beale_Street_Could_Talk
The Intimidators,1974,https://en.wikipedia.org/wiki/The_Intimidators
Jaws (novel),1974,https://en.wikipedia.org/wiki/Jaws_(novel)
Kenyatta series,1974,https://en.wikipedia.org/wiki/Kenyatta_series
The Killer Angels,1974,https://en.wikipedia.org/wiki/The_Killer_Angels
The Last Days of Louisiana Red,1974,https://en.wikipedia.org/wiki/The_Last_Days_of_Louisiana_Red
The Last of the Really Great Whangdoodles,1974,https://en.wikipedia.org/wiki/The_Last_of_the_Really_Great_Whangdoodles
The Last Western,1974,https://en.wikipedia.org/wiki/The_Last_Western
Let's Go Play at the Adams',1974,https://en.wikipedia.org/wiki/Let%27s_Go_Play_at_the_Adams%27
The Little Girl Who Lives Down the Lane (novel),1974,https://en.wikipedia.org/wiki/The_Little_Girl_Who_Lives_Down_the_Lane_(novel)
Look at the Harlequins!,1974,https://en.wikipedia.org/wiki/Look_at_the_Harlequins!
Lookout Cartridge,1974,https://en.wikipedia.org/wiki/Lookout_Cartridge
Loving Her,1974,https://en.wikipedia.org/wiki/Loving_Her
Marathon Man (novel),1974,https://en.wikipedia.org/wiki/Marathon_Man_(novel)
Merlin's Ring,1974,https://en.wikipedia.org/wiki/Merlin%27s_Ring
A Midsummer Tempest,1974,https://en.wikipedia.org/wiki/A_Midsummer_Tempest
The Milagro Beanfield War (novel),1974,https://en.wikipedia.org/wiki/The_Milagro_Beanfield_War_(novel)
Monument (novel),1974,https://en.wikipedia.org/wiki/Monument_(novel)
The Mote in God's Eye,1974,https://en.wikipedia.org/wiki/The_Mote_in_God%27s_Eye
My Brother Sam Is Dead,1974,https://en.wikipedia.org/wiki/My_Brother_Sam_Is_Dead
My Life as a Man,1974,https://en.wikipedia.org/wiki/My_Life_as_a_Man
Myron (novel),1974,https://en.wikipedia.org/wiki/Myron_(novel)
Mystery of the Glowing Eye,1974,https://en.wikipedia.org/wiki/Mystery_of_the_Glowing_Eye
The Mystery of the Ivory Charm,1974,https://en.wikipedia.org/wiki/The_Mystery_of_the_Ivory_Charm
Of Nightingales That Weep,1974,https://en.wikipedia.org/wiki/Of_Nightingales_That_Weep
"On Venus, Have We Got a Rabbi!",1974,"https://en.wikipedia.org/wiki/On_Venus,_Have_We_Got_a_Rabbi!"
Oreo (novel),1974,https://en.wikipedia.org/wiki/Oreo_(novel)
The Perilous Gard,1974,https://en.wikipedia.org/wiki/The_Perilous_Gard
"Philip Hall Likes Me, I Reckon Maybe",1974,"https://en.wikipedia.org/wiki/Philip_Hall_Likes_Me,_I_Reckon_Maybe"
Prince of Annwn,1974,https://en.wikipedia.org/wiki/Prince_of_Annwn
A Quest for Simbilis,1974,https://en.wikipedia.org/wiki/A_Quest_for_Simbilis
The Reincarnation of Peter Proud (novel),1974,https://en.wikipedia.org/wiki/The_Reincarnation_of_Peter_Proud_(novel)
The Rhinemann Exchange,1974,https://en.wikipedia.org/wiki/The_Rhinemann_Exchange
The Rider (novel),1974,https://en.wikipedia.org/wiki/The_Rider_(novel)
Ripley's Game,1974,https://en.wikipedia.org/wiki/Ripley%27s_Game
The Sentinel (Konvitz novel),1974,https://en.wikipedia.org/wiki/The_Sentinel_(Konvitz_novel)
The Seven-Per-Cent Solution,1974,https://en.wikipedia.org/wiki/The_Seven-Per-Cent_Solution
The Shadow Knows (novel),1974,https://en.wikipedia.org/wiki/The_Shadow_Knows_(novel)
Six Days of the Condor,1974,https://en.wikipedia.org/wiki/Six_Days_of_the_Condor
Slake's Limbo,1974,https://en.wikipedia.org/wiki/Slake%27s_Limbo
The Sniper (novel),1974,https://en.wikipedia.org/wiki/The_Sniper_(novel)
Something Happened,1974,https://en.wikipedia.org/wiki/Something_Happened
The Soul of the Robot,1974,https://en.wikipedia.org/wiki/The_Soul_of_the_Robot
Soup (novel),1974,https://en.wikipedia.org/wiki/Soup_(novel)
The Spell Sword,1974,https://en.wikipedia.org/wiki/The_Spell_Sword
Target Practice (novel),1974,https://en.wikipedia.org/wiki/Target_Practice_(novel)
The Tears of Autumn,1974,https://en.wikipedia.org/wiki/The_Tears_of_Autumn
The Texas-Israeli War: 1999,1974,https://en.wikipedia.org/wiki/The_Texas-Israeli_War:_1999
Time War (Lin Carter novel),1974,https://en.wikipedia.org/wiki/Time_War_(Lin_Carter_novel)
The Valley Where Time Stood Still,1974,https://en.wikipedia.org/wiki/The_Valley_Where_Time_Stood_Still
Wait Until the Evening,1974,https://en.wikipedia.org/wiki/Wait_Until_the_Evening
The Wanderers (Price novel),1974,https://en.wikipedia.org/wiki/The_Wanderers_(Price_novel)
The War Between the Tates,1974,https://en.wikipedia.org/wiki/The_War_Between_the_Tates
The Warrior of World's End,1974,https://en.wikipedia.org/wiki/The_Warrior_of_World%27s_End
Wigger (novel),1974,https://en.wikipedia.org/wiki/Wigger_(novel)
Winter in the Blood,1974,https://en.wikipedia.org/wiki/Winter_in_the_Blood
Winter Kills (novel),1974,https://en.wikipedia.org/wiki/Winter_Kills_(novel)
Yonnondio,1974,https://en.wikipedia.org/wiki/Yonnondio
Z for Zachariah,1974,https://en.wikipedia.org/wiki/Z_for_Zachariah
The Architecture of the Arkansas Ozarks,1975,https://en.wikipedia.org/wiki/The_Architecture_of_the_Arkansas_Ozarks
Audrey Rose (novel),1975,https://en.wikipedia.org/wiki/Audrey_Rose_(novel)
Below the Root (novel),1975,https://en.wikipedia.org/wiki/Below_the_Root_(novel)
Bert Breen's Barn,1975,https://en.wikipedia.org/wiki/Bert_Breen%27s_Barn
Bid Time Return,1975,https://en.wikipedia.org/wiki/Bid_Time_Return
Black Sunday (novel),1975,https://en.wikipedia.org/wiki/Black_Sunday_(novel)
The Bowl of Baal,1975,https://en.wikipedia.org/wiki/The_Bowl_of_Baal
Bunduki,1975,https://en.wikipedia.org/wiki/Bunduki
The Cannibal (DeMille novel),1975,https://en.wikipedia.org/wiki/The_Cannibal_(DeMille_novel)
Carlito's Way (novel),1975,https://en.wikipedia.org/wiki/Carlito%27s_Way_(novel)
The Choirboys (novel),1975,https://en.wikipedia.org/wiki/The_Choirboys_(novel)
The Computer Connection,1975,https://en.wikipedia.org/wiki/The_Computer_Connection
Confessions of a Crap Artist,1975,https://en.wikipedia.org/wiki/Confessions_of_a_Crap_Artist
Corregidora (novel),1975,https://en.wikipedia.org/wiki/Corregidora_(novel)
Crocodile on the Sandbank,1975,https://en.wikipedia.org/wiki/Crocodile_on_the_Sandbank
Cry Macho,1975,https://en.wikipedia.org/wiki/Cry_Macho
Cyborg IV,1975,https://en.wikipedia.org/wiki/Cyborg_IV
The Dead Father,1975,https://en.wikipedia.org/wiki/The_Dead_Father
Death Sentence (novel),1975,https://en.wikipedia.org/wiki/Death_Sentence_(novel)
The Deep (Crowley novel),1975,https://en.wikipedia.org/wiki/The_Deep_(Crowley_novel)
Disturbing the Peace (novel),1975,https://en.wikipedia.org/wiki/Disturbing_the_Peace_(novel)
Do Black Patent Leather Shoes Really Reflect Up?,1975,https://en.wikipedia.org/wiki/Do_Black_Patent_Leather_Shoes_Really_Reflect_Up%3F
Dragonfly (Koontz novel),1975,https://en.wikipedia.org/wiki/Dragonfly_(Koontz_novel)
Dragonwings,1975,https://en.wikipedia.org/wiki/Dragonwings
Ecotopia,1975,https://en.wikipedia.org/wiki/Ecotopia
The Enchantress of World's End,1975,https://en.wikipedia.org/wiki/The_Enchantress_of_World%27s_End
Factotum (novel),1975,https://en.wikipedia.org/wiki/Factotum_(novel)
A Family Affair (novel),1975,https://en.wikipedia.org/wiki/A_Family_Affair_(novel)
"Fast Sam, Cool Clyde, and Stuff",1975,"https://en.wikipedia.org/wiki/Fast_Sam,_Cool_Clyde,_and_Stuff"
The Female Man,1975,https://en.wikipedia.org/wiki/The_Female_Man
A Fix Like This,1975,https://en.wikipedia.org/wiki/A_Fix_Like_This
Forever... (novel),1975,https://en.wikipedia.org/wiki/Forever..._(novel)
Galaxies (novel),1975,https://en.wikipedia.org/wiki/Galaxies_(novel)
The Ghost Belonged to Me,1975,https://en.wikipedia.org/wiki/The_Ghost_Belonged_to_Me
The Girl Who Owned a City,1975,https://en.wikipedia.org/wiki/The_Girl_Who_Owned_a_City
The Great Train Robbery (novel),1975,https://en.wikipedia.org/wiki/The_Great_Train_Robbery_(novel)
Guerrillas (novel),1975,https://en.wikipedia.org/wiki/Guerrillas_(novel)
The Heritage of Hastur,1975,https://en.wikipedia.org/wiki/The_Heritage_of_Hastur
Hopscotch (Garfield novel),1975,https://en.wikipedia.org/wiki/Hopscotch_(Garfield_novel)
Humboldt's Gift,1975,https://en.wikipedia.org/wiki/Humboldt%27s_Gift
The Illuminatus! Trilogy,1975,https://en.wikipedia.org/wiki/The_Illuminatus!_Trilogy
In the Beginning (novel),1975,https://en.wikipedia.org/wiki/In_the_Beginning_(novel)
Invasion (Koontz novel),1975,https://en.wikipedia.org/wiki/Invasion_(Koontz_novel)
Invisible Death,1975,https://en.wikipedia.org/wiki/Invisible_Death
J R,1975,https://en.wikipedia.org/wiki/J_R
Julia (novel),1975,https://en.wikipedia.org/wiki/Julia_(novel)
Lankar of Callisto,1975,https://en.wikipedia.org/wiki/Lankar_of_Callisto
Legs (novel),1975,https://en.wikipedia.org/wiki/Legs_(novel)
Light Years (novel),1975,https://en.wikipedia.org/wiki/Light_Years_(novel)
Looking for Mr. Goodbar (novel),1975,https://en.wikipedia.org/wiki/Looking_for_Mr._Goodbar_(novel)
"M. C. Higgins, the Great",1975,"https://en.wikipedia.org/wiki/M._C._Higgins,_the_Great"
Mad Empress of Callisto,1975,https://en.wikipedia.org/wiki/Mad_Empress_of_Callisto
Marune: Alastor 933,1975,https://en.wikipedia.org/wiki/Marune:_Alastor_933
The Master Puppeteer,1975,https://en.wikipedia.org/wiki/The_Master_Puppeteer
Mawrdew Czgowchwz,1975,https://en.wikipedia.org/wiki/Mawrdew_Czgowchwz
The Midas Coffin,1975,https://en.wikipedia.org/wiki/The_Midas_Coffin
Midworld,1975,https://en.wikipedia.org/wiki/Midworld
Mind Wizards of Callisto,1975,https://en.wikipedia.org/wiki/Mind_Wizards_of_Callisto
A Momentary Taste of Being,1975,https://en.wikipedia.org/wiki/A_Momentary_Taste_of_Being
The Moneychangers,1975,https://en.wikipedia.org/wiki/The_Moneychangers
The Monkey Wrench Gang,1975,https://en.wikipedia.org/wiki/The_Monkey_Wrench_Gang
Mortal Stakes,1975,https://en.wikipedia.org/wiki/Mortal_Stakes
The Mysterious Caravan,1975,https://en.wikipedia.org/wiki/The_Mysterious_Caravan
The Nemesis of Evil,1975,https://en.wikipedia.org/wiki/The_Nemesis_of_Evil
The Night of the Phoenix,1975,https://en.wikipedia.org/wiki/The_Night_of_the_Phoenix
Norstrilia,1975,https://en.wikipedia.org/wiki/Norstrilia
Northern Lights (O'Brien novel),1975,https://en.wikipedia.org/wiki/Northern_Lights_(O%27Brien_novel)
Options (novel),1975,https://en.wikipedia.org/wiki/Options_(novel)
Peace (novel),1975,https://en.wikipedia.org/wiki/Peace_(novel)
Pride of the Bimbos,1975,https://en.wikipedia.org/wiki/Pride_of_the_Bimbos
Ragtime (novel),1975,https://en.wikipedia.org/wiki/Ragtime_(novel)
Rainbow's End (Cain novel),1975,https://en.wikipedia.org/wiki/Rainbow%27s_End_(Cain_novel)
Ramona the Brave,1975,https://en.wikipedia.org/wiki/Ramona_the_Brave
The Rebels (Jakes novel),1975,https://en.wikipedia.org/wiki/The_Rebels_(Jakes_novel)
The Road to Gandolfo,1975,https://en.wikipedia.org/wiki/The_Road_to_Gandolfo
Romance of Atlantis,1975,https://en.wikipedia.org/wiki/Romance_of_Atlantis
Rumble Fish (novel),1975,https://en.wikipedia.org/wiki/Rumble_Fish_(novel)
'Salem's Lot,1975,https://en.wikipedia.org/wiki/%27Salem%27s_Lot
Searching for Caleb,1975,https://en.wikipedia.org/wiki/Searching_for_Caleb
The Second Mrs. Giaconda,1975,https://en.wikipedia.org/wiki/The_Second_Mrs._Giaconda
The Secret of the Forgotten City,1975,https://en.wikipedia.org/wiki/The_Secret_of_the_Forgotten_City
The Seekers (novel),1975,https://en.wikipedia.org/wiki/The_Seekers_(novel)
Sherlock Holmes's War of the Worlds,1975,https://en.wikipedia.org/wiki/Sherlock_Holmes%27s_War_of_the_Worlds
Showboat World,1975,https://en.wikipedia.org/wiki/Showboat_World
Sign of the Unicorn,1975,https://en.wikipedia.org/wiki/Sign_of_the_Unicorn
The Smack Man,1975,https://en.wikipedia.org/wiki/The_Smack_Man
Smouldering Fires (novel),1975,https://en.wikipedia.org/wiki/Smouldering_Fires_(novel)
Song of the Trees,1975,https://en.wikipedia.org/wiki/Song_of_the_Trees
Soup and Me,1975,https://en.wikipedia.org/wiki/Soup_and_Me
The Star-Crowned Kings,1975,https://en.wikipedia.org/wiki/The_Star-Crowned_Kings
The Tattooed Potato and Other Clues,1975,https://en.wikipedia.org/wiki/The_Tattooed_Potato_and_Other_Clues
The Terminators (novel),1975,https://en.wikipedia.org/wiki/The_Terminators_(novel)
The Assassins: A Book of Hours,1975,https://en.wikipedia.org/wiki/The_Assassins:_A_Book_of_Hours
Thine Is the Glory: A Novel of America's Golden Triangle,1975,https://en.wikipedia.org/wiki/Thine_Is_the_Glory:_A_Novel_of_America%27s_Golden_Triangle
Time Slave,1975,https://en.wikipedia.org/wiki/Time_Slave
Tuck Everlasting,1975,https://en.wikipedia.org/wiki/Tuck_Everlasting
Ugly Rumours (novel),1975,https://en.wikipedia.org/wiki/Ugly_Rumours_(novel)
Venus on the Half-Shell,1975,https://en.wikipedia.org/wiki/Venus_on_the_Half-Shell
Wife (novel),1975,https://en.wikipedia.org/wiki/Wife_(novel)
Willard and His Bowling Trophies,1975,https://en.wikipedia.org/wiki/Willard_and_His_Bowling_Trophies
The Woman Warrior,1975,https://en.wikipedia.org/wiki/The_Woman_Warrior
1876 (novel),1976,https://en.wikipedia.org/wiki/1876_(novel)
Abel's Island,1976,https://en.wikipedia.org/wiki/Abel%27s_Island
The Acts of King Arthur and His Noble Knights,1976,https://en.wikipedia.org/wiki/The_Acts_of_King_Arthur_and_His_Noble_Knights
And All Between,1976,https://en.wikipedia.org/wiki/And_All_Between
Arilla Sun Down,1976,https://en.wikipedia.org/wiki/Arilla_Sun_Down
Beasts (Crowley novel),1976,https://en.wikipedia.org/wiki/Beasts_(Crowley_novel)
Birth of Fire,1976,https://en.wikipedia.org/wiki/Birth_of_Fire
Bloodbrothers (Price novel),1976,https://en.wikipedia.org/wiki/Bloodbrothers_(Price_novel)
The Boys from Brazil (novel),1976,https://en.wikipedia.org/wiki/The_Boys_from_Brazil_(novel)
Bridge of Ashes,1976,https://en.wikipedia.org/wiki/Bridge_of_Ashes
Brothers of Earth,1976,https://en.wikipedia.org/wiki/Brothers_of_Earth
Camber of Culdi (novel),1976,https://en.wikipedia.org/wiki/Camber_of_Culdi_(novel)
Children of Dune,1976,https://en.wikipedia.org/wiki/Children_of_Dune
Childwold,1976,https://en.wikipedia.org/wiki/Childwold
Chilly Scenes of Winter,1976,https://en.wikipedia.org/wiki/Chilly_Scenes_of_Winter
City of Darkness (novel),1976,https://en.wikipedia.org/wiki/City_of_Darkness_(novel)
The Coal War,1976,https://en.wikipedia.org/wiki/The_Coal_War
The Company (Ehrlichman novel),1976,https://en.wikipedia.org/wiki/The_Company_(Ehrlichman_novel)
"Confess, Fletch (novel)",1976,"https://en.wikipedia.org/wiki/Confess,_Fletch_(novel)"
Cutter and Bone,1976,https://en.wikipedia.org/wiki/Cutter_and_Bone
Danny Dunn Scientific Detective,1976,https://en.wikipedia.org/wiki/Danny_Dunn_Scientific_Detective
The Demon (novel),1976,https://en.wikipedia.org/wiki/The_Demon_(novel)
Deus Irae,1976,https://en.wikipedia.org/wiki/Deus_Irae
The Devil in a Forest,1976,https://en.wikipedia.org/wiki/The_Devil_in_a_Forest
Dolores (Susann novel),1976,https://en.wikipedia.org/wiki/Dolores_(Susann_novel)
Doorways in the Sand,1976,https://en.wikipedia.org/wiki/Doorways_in_the_Sand
The Dragon and the George,1976,https://en.wikipedia.org/wiki/The_Dragon_and_the_George
Dragons in the Waters,1976,https://en.wikipedia.org/wiki/Dragons_in_the_Waters
The Easter Parade,1976,https://en.wikipedia.org/wiki/The_Easter_Parade
Eaters of the Dead,1976,https://en.wikipedia.org/wiki/Eaters_of_the_Dead
The Education of Little Tree,1976,https://en.wikipedia.org/wiki/The_Education_of_Little_Tree
The Enchanted Island of Oz,1976,https://en.wikipedia.org/wiki/The_Enchanted_Island_of_Oz
Even Cowgirls Get the Blues (novel),1976,https://en.wikipedia.org/wiki/Even_Cowgirls_Get_the_Blues_(novel)
The Family Arsenal,1976,https://en.wikipedia.org/wiki/The_Family_Arsenal
A Feast of Snakes,1976,https://en.wikipedia.org/wiki/A_Feast_of_Snakes
Flight to Canada (novel),1976,https://en.wikipedia.org/wiki/Flight_to_Canada_(novel)
Flight to Opar,1976,https://en.wikipedia.org/wiki/Flight_to_Opar
The Fury (Farris novel),1976,https://en.wikipedia.org/wiki/The_Fury_(Farris_novel)
Gate of Ivrel,1976,https://en.wikipedia.org/wiki/Gate_of_Ivrel
The Gemini Contenders,1976,https://en.wikipedia.org/wiki/The_Gemini_Contenders
A God Against the Gods,1976,https://en.wikipedia.org/wiki/A_God_Against_the_Gods
The Great Santini (novel),1976,https://en.wikipedia.org/wiki/The_Great_Santini_(novel)
The HAB Theory,1976,https://en.wikipedia.org/wiki/The_HAB_Theory
The Hand of Oberon,1976,https://en.wikipedia.org/wiki/The_Hand_of_Oberon
The Immortal of World's End,1976,https://en.wikipedia.org/wiki/The_Immortal_of_World%27s_End
Imperial Stars,1976,https://en.wikipedia.org/wiki/Imperial_Stars
Incubus (Russell novel),1976,https://en.wikipedia.org/wiki/Incubus_(Russell_novel)
Inferno (Niven and Pournelle novel),1976,https://en.wikipedia.org/wiki/Inferno_(Niven_and_Pournelle_novel)
The Institute (Cain novel),1976,https://en.wikipedia.org/wiki/The_Institute_(Cain_novel)
Interview with the Vampire,1976,https://en.wikipedia.org/wiki/Interview_with_the_Vampire
Just an Old Sweet Song,1976,https://en.wikipedia.org/wiki/Just_an_Old_Sweet_Song
Kinflicks,1976,https://en.wikipedia.org/wiki/Kinflicks
Little Man Little Man,1976,https://en.wikipedia.org/wiki/Little_Man_Little_Man
The Lottery Rose,1976,https://en.wikipedia.org/wiki/The_Lottery_Rose
Lover (novel),1976,https://en.wikipedia.org/wiki/Lover_(novel)
Magic (novel),1976,https://en.wikipedia.org/wiki/Magic_(novel)
The Magician Out of Manchuria,1976,https://en.wikipedia.org/wiki/The_Magician_Out_of_Manchuria
Mahars of Pellucidar,1976,https://en.wikipedia.org/wiki/Mahars_of_Pellucidar
Man Plus,1976,https://en.wikipedia.org/wiki/Man_Plus
The Mark of Conte,1976,https://en.wikipedia.org/wiki/The_Mark_of_Conte
Marry Me (novel),1976,https://en.wikipedia.org/wiki/Marry_Me_(novel)
Maske: Thaery,1976,https://en.wikipedia.org/wiki/Maske:_Thaery
Meridian (novel),1976,https://en.wikipedia.org/wiki/Meridian_(novel)
Murder at the ABA,1976,https://en.wikipedia.org/wiki/Murder_at_the_ABA
New Burlington (book),1976,https://en.wikipedia.org/wiki/New_Burlington_(book)
Night Chills,1976,https://en.wikipedia.org/wiki/Night_Chills
The Night Gift,1976,https://en.wikipedia.org/wiki/The_Night_Gift
The Ninth Man,1976,https://en.wikipedia.org/wiki/The_Ninth_Man
Ordinary People (Guest novel),1976,https://en.wikipedia.org/wiki/Ordinary_People_(Guest_novel)
"Pardon Me, You're Stepping on My Eyeball!",1976,"https://en.wikipedia.org/wiki/Pardon_Me,_You%27re_Stepping_on_My_Eyeball!"
Patternmaster,1976,https://en.wikipedia.org/wiki/Patternmaster
The Pinballs,1976,https://en.wikipedia.org/wiki/The_Pinballs
Plus (novel),1976,https://en.wikipedia.org/wiki/Plus_(novel)
Promised Land (novel),1976,https://en.wikipedia.org/wiki/Promised_Land_(novel)
The R Document,1976,https://en.wikipedia.org/wiki/The_R_Document
Raise the Titanic!,1976,https://en.wikipedia.org/wiki/Raise_the_Titanic!
Ratner's Star,1976,https://en.wikipedia.org/wiki/Ratner%27s_Star
The Retaliators (novel),1976,https://en.wikipedia.org/wiki/The_Retaliators_(novel)
The Riddle-Master of Hed,1976,https://en.wikipedia.org/wiki/The_Riddle-Master_of_Hed
A River Runs Through It (book),1976,https://en.wikipedia.org/wiki/A_River_Runs_Through_It_(book)
"Roll of Thunder, Hear My Cry",1976,"https://en.wikipedia.org/wiki/Roll_of_Thunder,_Hear_My_Cry"
Roots: The Saga of an American Family,1976,https://en.wikipedia.org/wiki/Roots:_The_Saga_of_an_American_Family
Saving the Queen,1976,https://en.wikipedia.org/wiki/Saving_the_Queen
Shadrach in the Furnace,1976,https://en.wikipedia.org/wiki/Shadrach_in_the_Furnace
Shakespeare's Planet,1976,https://en.wikipedia.org/wiki/Shakespeare%27s_Planet
The Shattered Chain,1976,https://en.wikipedia.org/wiki/The_Shattered_Chain
Skirmish on a Summer Morning,1976,https://en.wikipedia.org/wiki/Skirmish_on_a_Summer_Morning
The Sky Phantom,1976,https://en.wikipedia.org/wiki/The_Sky_Phantom
Slapstick (novel),1976,https://en.wikipedia.org/wiki/Slapstick_(novel)
Sombrero Fallout: A Japanese Novel,1976,https://en.wikipedia.org/wiki/Sombrero_Fallout:_A_Japanese_Novel
The Spectator Bird,1976,https://en.wikipedia.org/wiki/The_Spectator_Bird
Speedboat (novel),1976,https://en.wikipedia.org/wiki/Speedboat_(novel)
"Spock, Messiah!",1976,"https://en.wikipedia.org/wiki/Spock,_Messiah!"
Star Wars: From the Adventures of Luke Skywalker,1976,https://en.wikipedia.org/wiki/Star_Wars:_From_the_Adventures_of_Luke_Skywalker
A Stranger in the Mirror,1976,https://en.wikipedia.org/wiki/A_Stranger_in_the_Mirror
Stranglers' Moon,1976,https://en.wikipedia.org/wiki/Stranglers%27_Moon
A String in the Harp,1976,https://en.wikipedia.org/wiki/A_String_in_the_Harp
Summer of Fear (novel),1976,https://en.wikipedia.org/wiki/Summer_of_Fear_(novel)
Summer of the Monkeys,1976,https://en.wikipedia.org/wiki/Summer_of_the_Monkeys
Swag (novel),1976,https://en.wikipedia.org/wiki/Swag_(novel)
Trinity (novel),1976,https://en.wikipedia.org/wiki/Trinity_(novel)
Triton (novel),1976,https://en.wikipedia.org/wiki/Triton_(novel)
Tunes for a Small Harmonica,1976,https://en.wikipedia.org/wiki/Tunes_for_a_Small_Harmonica
The Vengeance Trail of Josey Wales,1976,https://en.wikipedia.org/wiki/The_Vengeance_Trail_of_Josey_Wales
Very Far Away from Anywhere Else,1976,https://en.wikipedia.org/wiki/Very_Far_Away_from_Anywhere_Else
The Volcano Ogre,1976,https://en.wikipedia.org/wiki/The_Volcano_Ogre
A Watcher in the Woods,1976,https://en.wikipedia.org/wiki/A_Watcher_in_the_Woods
Wednesday the Rabbi Got Wet,1976,https://en.wikipedia.org/wiki/Wednesday_the_Rabbi_Got_Wet
The West End Horror,1976,https://en.wikipedia.org/wiki/The_West_End_Horror
Where Late the Sweet Birds Sang,1976,https://en.wikipedia.org/wiki/Where_Late_the_Sweet_Birds_Sang
The Widow's Children,1976,https://en.wikipedia.org/wiki/The_Widow%27s_Children
The Witchmaster's Key,1976,https://en.wikipedia.org/wiki/The_Witchmaster%27s_Key
The Witling,1976,https://en.wikipedia.org/wiki/The_Witling
A Woman Called Moses (novel),1976,https://en.wikipedia.org/wiki/A_Woman_Called_Moses_(novel)
Woman on the Edge of Time,1976,https://en.wikipedia.org/wiki/Woman_on_the_Edge_of_Time
The Word for World Is Forest,1976,https://en.wikipedia.org/wiki/The_Word_for_World_Is_Forest
A World Out of Time,1976,https://en.wikipedia.org/wiki/A_World_Out_of_Time
Zia (novel),1976,https://en.wikipedia.org/wiki/Zia_(novel)
The Amityville Horror,1977,https://en.wikipedia.org/wiki/The_Amityville_Horror
Anna Hastings,1977,https://en.wikipedia.org/wiki/Anna_Hastings
The Barbarian of World's End,1977,https://en.wikipedia.org/wiki/The_Barbarian_of_World%27s_End
"Beggarman, Thief",1977,"https://en.wikipedia.org/wiki/Beggarman,_Thief"
Blood Tie,1977,https://en.wikipedia.org/wiki/Blood_Tie
Bloodline (Sheldon novel),1977,https://en.wikipedia.org/wiki/Bloodline_(Sheldon_novel)
A Book of Common Prayer,1977,https://en.wikipedia.org/wiki/A_Book_of_Common_Prayer
Bridge to Terabithia (novel),1977,https://en.wikipedia.org/wiki/Bridge_to_Terabithia_(novel)
Ceremony (Silko novel),1977,https://en.wikipedia.org/wiki/Ceremony_(Silko_novel)
The Chancellor Manuscript,1977,https://en.wikipedia.org/wiki/The_Chancellor_Manuscript
The City Outside the World,1977,https://en.wikipedia.org/wiki/The_City_Outside_the_World
The Cold Cash War,1977,https://en.wikipedia.org/wiki/The_Cold_Cash_War
Coma (novel),1977,https://en.wikipedia.org/wiki/Coma_(novel)
Confessions of a Teenage Baboon,1977,https://en.wikipedia.org/wiki/Confessions_of_a_Teenage_Baboon
Danny Dunn and the Universal Glue,1977,https://en.wikipedia.org/wiki/Danny_Dunn_and_the_Universal_Glue
The Dark Design,1977,https://en.wikipedia.org/wiki/The_Dark_Design
Detour (Brodsky novel),1977,https://en.wikipedia.org/wiki/Detour_(Brodsky_novel)
Devil May Care (Peters novel),1977,https://en.wikipedia.org/wiki/Devil_May_Care_(Peters_novel)
The Dosadi Experiment,1977,https://en.wikipedia.org/wiki/The_Dosadi_Experiment
Dreaming of Babylon,1977,https://en.wikipedia.org/wiki/Dreaming_of_Babylon
Dying of the Light (Martin novel),1977,https://en.wikipedia.org/wiki/Dying_of_the_Light_(Martin_novel)
Earthly Possessions (novel),1977,https://en.wikipedia.org/wiki/Earthly_Possessions_(novel)
Edith's Diary,1977,https://en.wikipedia.org/wiki/Edith%27s_Diary
The End of the Matter,1977,https://en.wikipedia.org/wiki/The_End_of_the_Matter
The Face of Fear,1977,https://en.wikipedia.org/wiki/The_Face_of_Fear
The Faggots & Their Friends Between Revolutions,1977,https://en.wikipedia.org/wiki/The_Faggots_%26_Their_Friends_Between_Revolutions
Falconer (novel),1977,https://en.wikipedia.org/wiki/Falconer_(novel)
The Fan (Randall novel),1977,https://en.wikipedia.org/wiki/The_Fan_(Randall_novel)
The Forbidden Tower,1977,https://en.wikipedia.org/wiki/The_Forbidden_Tower
The French Atlantic Affair,1977,https://en.wikipedia.org/wiki/The_French_Atlantic_Affair
Gateway (novel),1977,https://en.wikipedia.org/wiki/Gateway_(novel)
The Golden Sword (novel),1977,https://en.wikipedia.org/wiki/The_Golden_Sword_(novel)
Heir of Sea and Fire,1977,https://en.wikipedia.org/wiki/Heir_of_Sea_and_Fire
High Couch of Silistra,1977,https://en.wikipedia.org/wiki/High_Couch_of_Silistra
The Hoboken Chicken Emergency,1977,https://en.wikipedia.org/wiki/The_Hoboken_Chicken_Emergency
The Hostage of Zir,1977,https://en.wikipedia.org/wiki/The_Hostage_of_Zir
The Howling,1977,https://en.wikipedia.org/wiki/The_Howling
The Hunted (novel),1977,https://en.wikipedia.org/wiki/The_Hunted_(novel)
Hunter of Worlds,1977,https://en.wikipedia.org/wiki/Hunter_of_Worlds
I Am the Cheese,1977,https://en.wikipedia.org/wiki/I_Am_the_Cheese
If the Stars are Gods,1977,https://en.wikipedia.org/wiki/If_the_Stars_are_Gods
If You Could See Me Now (Straub novel),1977,https://en.wikipedia.org/wiki/If_You_Could_See_Me_Now_(Straub_novel)
The Illearth War,1977,https://en.wikipedia.org/wiki/The_Illearth_War
Illusions (Bach novel),1977,https://en.wikipedia.org/wiki/Illusions_(Bach_novel)
The Immigrants,1977,https://en.wikipedia.org/wiki/The_Immigrants
In the Ocean of Night,1977,https://en.wikipedia.org/wiki/In_the_Ocean_of_Night
Involution Ocean,1977,https://en.wikipedia.org/wiki/Involution_Ocean
The Jungle Pyramid,1977,https://en.wikipedia.org/wiki/The_Jungle_Pyramid
The Jupiter Theft,1977,https://en.wikipedia.org/wiki/The_Jupiter_Theft
Logan's World,1977,https://en.wikipedia.org/wiki/Logan%27s_World
Lord Foul's Bane,1977,https://en.wikipedia.org/wiki/Lord_Foul%27s_Bane
Lucifer's Hammer,1977,https://en.wikipedia.org/wiki/Lucifer%27s_Hammer
M*A*S*H Mania,1977,https://en.wikipedia.org/wiki/M*A*S*H_Mania
Michaelmas (novel),1977,https://en.wikipedia.org/wiki/Michaelmas_(novel)
Midnight at the Well of Souls,1977,https://en.wikipedia.org/wiki/Midnight_at_the_Well_of_Souls
Mind of My Mind,1977,https://en.wikipedia.org/wiki/Mind_of_My_Mind
Moonstar Odyssey,1977,https://en.wikipedia.org/wiki/Moonstar_Odyssey
Nightwing (novel),1977,https://en.wikipedia.org/wiki/Nightwing_(novel)
One Fat Summer,1977,https://en.wikipedia.org/wiki/One_Fat_Summer
The Ophiuchi Hotline,1977,https://en.wikipedia.org/wiki/The_Ophiuchi_Hotline
Orphan Star,1977,https://en.wikipedia.org/wiki/Orphan_Star
Our Lady of Darkness,1977,https://en.wikipedia.org/wiki/Our_Lady_of_Darkness
Passion's Promise,1977,https://en.wikipedia.org/wiki/Passion%27s_Promise
Planet of Judgment,1977,https://en.wikipedia.org/wiki/Planet_of_Judgment
Players (DeLillo novel),1977,https://en.wikipedia.org/wiki/Players_(DeLillo_novel)
The Price of the Phoenix,1977,https://en.wikipedia.org/wiki/The_Price_of_the_Phoenix
The Primal Solution,1977,https://en.wikipedia.org/wiki/The_Primal_Solution
The Professor of Desire,1977,https://en.wikipedia.org/wiki/The_Professor_of_Desire
The Public Burning,1977,https://en.wikipedia.org/wiki/The_Public_Burning
Rage (King novel),1977,https://en.wikipedia.org/wiki/Rage_(King_novel)
Ramona and Her Father,1977,https://en.wikipedia.org/wiki/Ramona_and_Her_Father
Sadako and the Thousand Paper Cranes,1977,https://en.wikipedia.org/wiki/Sadako_and_the_Thousand_Paper_Cranes
A Scanner Darkly,1977,https://en.wikipedia.org/wiki/A_Scanner_Darkly
The Secret Lovers (novel),1977,https://en.wikipedia.org/wiki/The_Secret_Lovers_(novel)
The Serial,1977,https://en.wikipedia.org/wiki/The_Serial
The Shining (novel),1977,https://en.wikipedia.org/wiki/The_Shining_(novel)
Song of Solomon (novel),1977,https://en.wikipedia.org/wiki/Song_of_Solomon_(novel)
A Spell for Chameleon,1977,https://en.wikipedia.org/wiki/A_Spell_for_Chameleon
Staggerford,1977,https://en.wikipedia.org/wiki/Staggerford
Starring Sally J. Freedman as Herself,1977,https://en.wikipedia.org/wiki/Starring_Sally_J._Freedman_as_Herself
The Strange Message in the Parchment,1977,https://en.wikipedia.org/wiki/The_Strange_Message_in_the_Parchment
A Stranger Is Watching (novel),1977,https://en.wikipedia.org/wiki/A_Stranger_Is_Watching_(novel)
Suffer the Children (novel),1977,https://en.wikipedia.org/wiki/Suffer_the_Children_(novel)
A Summer to Die,1977,https://en.wikipedia.org/wiki/A_Summer_to_Die
The Sword of Shannara,1977,https://en.wikipedia.org/wiki/The_Sword_of_Shannara
The Terrorizers,1977,https://en.wikipedia.org/wiki/The_Terrorizers
The Three Palladins,1977,https://en.wikipedia.org/wiki/The_Three_Palladins
To Control the Stars,1977,https://en.wikipedia.org/wiki/To_Control_the_Stars
To Escape the Stars,1977,https://en.wikipedia.org/wiki/To_Escape_the_Stars
True Confessions (novel),1977,https://en.wikipedia.org/wiki/True_Confessions_(novel)
Unknown Man No. 89,1977,https://en.wikipedia.org/wiki/Unknown_Man_No._89
Until the Celebration,1977,https://en.wikipedia.org/wiki/Until_the_Celebration
Unwed Mother (novel),1977,https://en.wikipedia.org/wiki/Unwed_Mother_(novel)
The Vision (novel),1977,https://en.wikipedia.org/wiki/The_Vision_(novel)
The Wanderers (Rimland novel),1977,https://en.wikipedia.org/wiki/The_Wanderers_(Rimland_novel)
We Who Are About To...,1977,https://en.wikipedia.org/wiki/We_Who_Are_About_To...
The Women's Room,1977,https://en.wikipedia.org/wiki/The_Women%27s_Room
Ylana of Callisto,1977,https://en.wikipedia.org/wiki/Ylana_of_Callisto
And Having Writ...,1978,https://en.wikipedia.org/wiki/And_Having_Writ...
Another Fine Myth,1978,https://en.wikipedia.org/wiki/Another_Fine_Myth
Arthur Rex,1978,https://en.wikipedia.org/wiki/Arthur_Rex
Bearheart,1978,https://en.wikipedia.org/wiki/Bearheart
Beauty: A Retelling of the Story of Beauty and the Beast,1978,https://en.wikipedia.org/wiki/Beauty:_A_Retelling_of_the_Story_of_Beauty_and_the_Beast
The Best Ye Breed,1978,https://en.wikipedia.org/wiki/The_Best_Ye_Breed
Billy Phelan's Greatest Game,1978,https://en.wikipedia.org/wiki/Billy_Phelan%27s_Greatest_Game
Birdy (novel),1978,https://en.wikipedia.org/wiki/Birdy_(novel)
Blind Voices,1978,https://en.wikipedia.org/wiki/Blind_Voices
The Book of the Dun Cow (novel),1978,https://en.wikipedia.org/wiki/The_Book_of_the_Dun_Cow_(novel)
Born to Exile,1978,https://en.wikipedia.org/wiki/Born_to_Exile
By the Rivers of Babylon,1978,https://en.wikipedia.org/wiki/By_the_Rivers_of_Babylon
The Cartoonist (book),1978,https://en.wikipedia.org/wiki/The_Cartoonist_(book)
Chesapeake (novel),1978,https://en.wikipedia.org/wiki/Chesapeake_(novel)
Conan and the Sorcerer,1978,https://en.wikipedia.org/wiki/Conan_and_the_Sorcerer
A Contract with God,1978,https://en.wikipedia.org/wiki/A_Contract_with_God
The Coup (novel),1978,https://en.wikipedia.org/wiki/The_Coup_(novel)
The Courts of Chaos,1978,https://en.wikipedia.org/wiki/The_Courts_of_Chaos
The Cult (novel),1978,https://en.wikipedia.org/wiki/The_Cult_(novel)
Dancer from the Dance,1978,https://en.wikipedia.org/wiki/Dancer_from_the_Dance
The Dark Goddess,1978,https://en.wikipedia.org/wiki/The_Dark_Goddess
Dinosaur Planet (novel),1978,https://en.wikipedia.org/wiki/Dinosaur_Planet_(novel)
Dreamsnake,1978,https://en.wikipedia.org/wiki/Dreamsnake
Empire (graphic novel),1978,https://en.wikipedia.org/wiki/Empire_(graphic_novel)
The Empty Copper Sea,1978,https://en.wikipedia.org/wiki/The_Empty_Copper_Sea
Exiles at the Well of Souls,1978,https://en.wikipedia.org/wiki/Exiles_at_the_Well_of_Souls
Exiles to Glory,1978,https://en.wikipedia.org/wiki/Exiles_to_Glory
The Eye of the Heron,1978,https://en.wikipedia.org/wiki/The_Eye_of_the_Heron
Faggots (novel),1978,https://en.wikipedia.org/wiki/Faggots_(novel)
Falling Angel,1978,https://en.wikipedia.org/wiki/Falling_Angel
The Far Arena,1978,https://en.wikipedia.org/wiki/The_Far_Arena
Fields of Fire (novel),1978,https://en.wikipedia.org/wiki/Fields_of_Fire_(novel)
The Firebird Rocket,1978,https://en.wikipedia.org/wiki/The_Firebird_Rocket
The First Two Lives of Lukas-Kasha,1978,https://en.wikipedia.org/wiki/The_First_Two_Lives_of_Lukas-Kasha
Fools Die,1978,https://en.wikipedia.org/wiki/Fools_Die
The Girl with the Jade Green Eyes,1978,https://en.wikipedia.org/wiki/The_Girl_with_the_Jade_Green_Eyes
The Girl (novel),1978,https://en.wikipedia.org/wiki/The_Girl_(novel)
Going After Cacciato,1978,https://en.wikipedia.org/wiki/Going_After_Cacciato
A Good School,1978,https://en.wikipedia.org/wiki/A_Good_School
The Great Fetish,1978,https://en.wikipedia.org/wiki/The_Great_Fetish
The Great Gilly Hopkins,1978,https://en.wikipedia.org/wiki/The_Great_Gilly_Hopkins
The Holcroft Covenant,1978,https://en.wikipedia.org/wiki/The_Holcroft_Covenant
The Holdfast Chronicles,1978,https://en.wikipedia.org/wiki/The_Holdfast_Chronicles
The House Next Door (novel),1978,https://en.wikipedia.org/wiki/The_House_Next_Door_(novel)
The House of God,1978,https://en.wikipedia.org/wiki/The_House_of_God
In the Name of the Father (novel),1978,https://en.wikipedia.org/wiki/In_the_Name_of_the_Father_(novel)
The Judas Goat,1978,https://en.wikipedia.org/wiki/The_Judas_Goat
Justice and Her Brothers,1978,https://en.wikipedia.org/wiki/Justice_and_Her_Brothers
Kalki (novel),1978,https://en.wikipedia.org/wiki/Kalki_(novel)
Killing Mr. Griffin,1978,https://en.wikipedia.org/wiki/Killing_Mr._Griffin
Ladies' Man (novel),1978,https://en.wikipedia.org/wiki/Ladies%27_Man_(novel)
Lancelot (novel),1978,https://en.wikipedia.org/wiki/Lancelot_(novel)
The Last Mystery of Edgar Allan Poe: The Troy Dossier,1978,https://en.wikipedia.org/wiki/The_Last_Mystery_of_Edgar_Allan_Poe:_The_Troy_Dossier
Listening Woman,1978,https://en.wikipedia.org/wiki/Listening_Woman
Little Arliss,1978,https://en.wikipedia.org/wiki/Little_Arliss
The Magic Goes Away,1978,https://en.wikipedia.org/wiki/The_Magic_Goes_Away
The Masters of Solitude,1978,https://en.wikipedia.org/wiki/The_Masters_of_Solitude
The Mirror (novel),1978,https://en.wikipedia.org/wiki/The_Mirror_(novel)
Murder at the Margin,1978,https://en.wikipedia.org/wiki/Murder_at_the_Margin
Mystery of Crocodile Island,1978,https://en.wikipedia.org/wiki/Mystery_of_Crocodile_Island
Nine and a Half Weeks (book),1978,https://en.wikipedia.org/wiki/Nine_and_a_Half_Weeks_(book)
Nocturnes for the King of Naples,1978,https://en.wikipedia.org/wiki/Nocturnes_for_the_King_of_Naples
Now and Forever (novel),1978,https://en.wikipedia.org/wiki/Now_and_Forever_(novel)
Of Whom the World Was Not Worthy,1978,https://en.wikipedia.org/wiki/Of_Whom_the_World_Was_Not_Worthy
Once a Runner,1978,https://en.wikipedia.org/wiki/Once_a_Runner
The Pirate of World's End,1978,https://en.wikipedia.org/wiki/The_Pirate_of_World%27s_End
Punish the Sinners,1978,https://en.wikipedia.org/wiki/Punish_the_Sinners
Pursuit of the Screamer,1978,https://en.wikipedia.org/wiki/Pursuit_of_the_Screamer
Quag Keep,1978,https://en.wikipedia.org/wiki/Quag_Keep
Quest for the Well of Souls,1978,https://en.wikipedia.org/wiki/Quest_for_the_Well_of_Souls
Renegade of Callisto,1978,https://en.wikipedia.org/wiki/Renegade_of_Callisto
Requiem for a Dream (novel),1978,https://en.wikipedia.org/wiki/Requiem_for_a_Dream_(novel)
The Ruins of Isis,1978,https://en.wikipedia.org/wiki/The_Ruins_of_Isis
Running Dog,1978,https://en.wikipedia.org/wiki/Running_Dog
Sacajawea (novel),1978,https://en.wikipedia.org/wiki/Sacajawea_(novel)
Saint Camber,1978,https://en.wikipedia.org/wiki/Saint_Camber
Scruples (novel),1978,https://en.wikipedia.org/wiki/Scruples_(novel)
Shadowland (Arnold novel),1978,https://en.wikipedia.org/wiki/Shadowland_(Arnold_novel)
Sherlock Holmes vs. Dracula,1978,https://en.wikipedia.org/wiki/Sherlock_Holmes_vs._Dracula
Shosha (novel),1978,https://en.wikipedia.org/wiki/Shosha_(novel)
Sideways Stories from Wayside School,1978,https://en.wikipedia.org/wiki/Sideways_Stories_from_Wayside_School
Sitt Marie Rose,1978,https://en.wikipedia.org/wiki/Sitt_Marie_Rose
Six of One (novel),1978,https://en.wikipedia.org/wiki/Six_of_One_(novel)
Son of the Morning (novel),1978,https://en.wikipedia.org/wiki/Son_of_the_Morning_(novel)
Space War Blues,1978,https://en.wikipedia.org/wiki/Space_War_Blues
Splinter of the Mind's Eye,1978,https://en.wikipedia.org/wiki/Splinter_of_the_Mind%27s_Eye
Stained Glass (novel),1978,https://en.wikipedia.org/wiki/Stained_Glass_(novel)
The Stand,1978,https://en.wikipedia.org/wiki/The_Stand
Star Winds,1978,https://en.wikipedia.org/wiki/Star_Winds
The Starless World,1978,https://en.wikipedia.org/wiki/The_Starless_World
Stormqueen!,1978,https://en.wikipedia.org/wiki/Stormqueen!
Strangers (Dozois novel),1978,https://en.wikipedia.org/wiki/Strangers_(Dozois_novel)
Superman: Last Son of Krypton,1978,https://en.wikipedia.org/wiki/Superman:_Last_Son_of_Krypton
Survivor (Octavia Butler novel),1978,https://en.wikipedia.org/wiki/Survivor_(Octavia_Butler_novel)
A Swiftly Tilting Planet,1978,https://en.wikipedia.org/wiki/A_Swiftly_Tilting_Planet
The Sword Smith,1978,https://en.wikipedia.org/wiki/The_Sword_Smith
Tales of the City (novel),1978,https://en.wikipedia.org/wiki/Tales_of_the_City_(novel)
There Should Have Been Castles,1978,https://en.wikipedia.org/wiki/There_Should_Have_Been_Castles
The Treasure of Alpheus Winterborn,1978,https://en.wikipedia.org/wiki/The_Treasure_of_Alpheus_Winterborn
The Turner Diaries,1978,https://en.wikipedia.org/wiki/The_Turner_Diaries
The Two of Them (novel),1978,https://en.wikipedia.org/wiki/The_Two_of_Them_(novel)
The Ultimax Man,1978,https://en.wikipedia.org/wiki/The_Ultimax_Man
Up the Walls of the World,1978,https://en.wikipedia.org/wiki/Up_the_Walls_of_the_World
Vulcan!,1978,https://en.wikipedia.org/wiki/Vulcan!
The Wanderground,1978,https://en.wikipedia.org/wiki/The_Wanderground
War and Remembrance,1978,https://en.wikipedia.org/wiki/War_and_Remembrance
Watch for Me on the Mountain,1978,https://en.wikipedia.org/wiki/Watch_for_Me_on_the_Mountain
"Welcome Home, Jellybean",1978,"https://en.wikipedia.org/wiki/Welcome_Home,_Jellybean"
Well of Shiuan,1978,https://en.wikipedia.org/wiki/Well_of_Shiuan
The Westing Game,1978,https://en.wikipedia.org/wiki/The_Westing_Game
What Dreams May Come (Matheson novel),1978,https://en.wikipedia.org/wiki/What_Dreams_May_Come_(Matheson_novel)
Wheels Within Wheels (novel),1978,https://en.wikipedia.org/wiki/Wheels_Within_Wheels_(novel)
When the Idols Walked,1978,https://en.wikipedia.org/wiki/When_the_Idols_Walked
Whistle (novel),1978,https://en.wikipedia.org/wiki/Whistle_(novel)
Wifey (novel),1978,https://en.wikipedia.org/wiki/Wifey_(novel)
Wind from an Enemy Sky,1978,https://en.wikipedia.org/wiki/Wind_from_an_Enemy_Sky
Wind from the Abyss,1978,https://en.wikipedia.org/wiki/Wind_from_the_Abyss
The Wizard of Zao,1978,https://en.wikipedia.org/wiki/The_Wizard_of_Zao
The Wolfen,1978,https://en.wikipedia.org/wiki/The_Wolfen
Women (Bukowski novel),1978,https://en.wikipedia.org/wiki/Women_(Bukowski_novel)
The World According to Garp,1978,https://en.wikipedia.org/wiki/The_World_According_to_Garp
Wyst: Alastor 1716,1978,https://en.wikipedia.org/wiki/Wyst:_Alastor_1716
Zoot-Suit Murders,1978,https://en.wikipedia.org/wiki/Zoot-Suit_Murders
Act of Providence,1979,https://en.wikipedia.org/wiki/Act_of_Providence
After Hours (novel),1979,https://en.wikipedia.org/wiki/After_Hours_(novel)
After the First Death,1979,https://en.wikipedia.org/wiki/After_the_First_Death
"Alan Mendelsohn, the Boy from Mars",1979,"https://en.wikipedia.org/wiki/Alan_Mendelsohn,_the_Boy_from_Mars"
Alongside Night,1979,https://en.wikipedia.org/wiki/Alongside_Night
Amanda Morgan,1979,https://en.wikipedia.org/wiki/Amanda_Morgan
The Amulet (novel),1979,https://en.wikipedia.org/wiki/The_Amulet_(novel)
Anastasia Krupnik,1979,https://en.wikipedia.org/wiki/Anastasia_Krupnik
And the Devil Will Drag You Under,1979,https://en.wikipedia.org/wiki/And_the_Devil_Will_Drag_You_Under
The Best Little Girl in the World (novel),1979,https://en.wikipedia.org/wiki/The_Best_Little_Girl_in_the_World_(novel)
The Better Angels,1979,https://en.wikipedia.org/wiki/The_Better_Angels
Blade Runner (a movie),1979,https://en.wikipedia.org/wiki/Blade_Runner_(a_movie)
The Bug Wars,1979,https://en.wikipedia.org/wiki/The_Bug_Wars
Bunnicula: A Rabbit-Tale of Mystery,1979,https://en.wikipedia.org/wiki/Bunnicula:_A_Rabbit-Tale_of_Mystery
Cannibals and Missionaries,1979,https://en.wikipedia.org/wiki/Cannibals_and_Missionaries
The Carnelian Throne,1979,https://en.wikipedia.org/wiki/The_Carnelian_Throne
Castle Roogna,1979,https://en.wikipedia.org/wiki/Castle_Roogna
Catacomb Years,1979,https://en.wikipedia.org/wiki/Catacomb_Years
The Catch Trap,1979,https://en.wikipedia.org/wiki/The_Catch_Trap
City of God (Holland novel),1979,https://en.wikipedia.org/wiki/City_of_God_(Holland_novel)
Conan the Liberator,1979,https://en.wikipedia.org/wiki/Conan_the_Liberator
The Dancers of Arun,1979,https://en.wikipedia.org/wiki/The_Dancers_of_Arun
Dark Is the Sun,1979,https://en.wikipedia.org/wiki/Dark_Is_the_Sun
Daughters of Eve (novel),1979,https://en.wikipedia.org/wiki/Daughters_of_Eve_(novel)
The Dead Zone (novel),1979,https://en.wikipedia.org/wiki/The_Dead_Zone_(novel)
The Deer Hunter (novel),1979,https://en.wikipedia.org/wiki/The_Deer_Hunter_(novel)
Desperadoes (novel),1979,https://en.wikipedia.org/wiki/Desperadoes_(novel)
The Devil Wives of Li Fong,1979,https://en.wikipedia.org/wiki/The_Devil_Wives_of_Li_Fong
Dr. Jekyll and Mr. Holmes,1979,https://en.wikipedia.org/wiki/Dr._Jekyll_and_Mr._Holmes
The Dog of the South,1979,https://en.wikipedia.org/wiki/The_Dog_of_the_South
The Dragon Lord (Drake novel),1979,https://en.wikipedia.org/wiki/The_Dragon_Lord_(Drake_novel)
Dragondrums,1979,https://en.wikipedia.org/wiki/Dragondrums
The Drawing of the Dark,1979,https://en.wikipedia.org/wiki/The_Drawing_of_the_Dark
Dubin's Lives,1979,https://en.wikipedia.org/wiki/Dubin%27s_Lives
Empire of the East,1979,https://en.wikipedia.org/wiki/Empire_of_the_East
Engine Summer,1979,https://en.wikipedia.org/wiki/Engine_Summer
The Executioner's Song,1979,https://en.wikipedia.org/wiki/The_Executioner%27s_Song
The Face (Vance novel),1979,https://en.wikipedia.org/wiki/The_Face_(Vance_novel)
The Fate of the Phoenix,1979,https://en.wikipedia.org/wiki/The_Fate_of_the_Phoenix
The Feast of All Saints (novel),1979,https://en.wikipedia.org/wiki/The_Feast_of_All_Saints_(novel)
Fires of Azeroth,1979,https://en.wikipedia.org/wiki/Fires_of_Azeroth
The Flight to Lucifer,1979,https://en.wikipedia.org/wiki/The_Flight_to_Lucifer
Flowers in the Attic,1979,https://en.wikipedia.org/wiki/Flowers_in_the_Attic
A Gathering of Days,1979,https://en.wikipedia.org/wiki/A_Gathering_of_Days
Ghost Story (Straub novel),1979,https://en.wikipedia.org/wiki/Ghost_Story_(Straub_novel)
The Ghost Writer,1979,https://en.wikipedia.org/wiki/The_Ghost_Writer
Good as Gold (novel),1979,https://en.wikipedia.org/wiki/Good_as_Gold_(novel)
The Green Ripper,1979,https://en.wikipedia.org/wiki/The_Green_Ripper
Harpist in the Wind,1979,https://en.wikipedia.org/wiki/Harpist_in_the_Wind
Heavenly Breakfast,1979,https://en.wikipedia.org/wiki/Heavenly_Breakfast
Hegira (novel),1979,https://en.wikipedia.org/wiki/Hegira_(novel)
Hestia (novel),1979,https://en.wikipedia.org/wiki/Hestia_(novel)
Homebase (novel),1979,https://en.wikipedia.org/wiki/Homebase_(novel)
Hot Sleep,1979,https://en.wikipedia.org/wiki/Hot_Sleep
The House on Lily Street,1979,https://en.wikipedia.org/wiki/The_House_on_Lily_Street
The Howling II (novel),1979,https://en.wikipedia.org/wiki/The_Howling_II_(novel)
The Island (Benchley novel),1979,https://en.wikipedia.org/wiki/The_Island_(Benchley_novel)
Jailbird (novel),1979,https://en.wikipedia.org/wiki/Jailbird_(novel)
Janissaries (novel),1979,https://en.wikipedia.org/wiki/Janissaries_(novel)
The Jesus Incident,1979,https://en.wikipedia.org/wiki/The_Jesus_Incident
Jesus on Mars,1979,https://en.wikipedia.org/wiki/Jesus_on_Mars
Journey to the Underground World,1979,https://en.wikipedia.org/wiki/Journey_to_the_Underground_World
Just Above My Head,1979,https://en.wikipedia.org/wiki/Just_Above_My_Head
The Key to Midnight,1979,https://en.wikipedia.org/wiki/The_Key_to_Midnight
Kindred (novel),1979,https://en.wikipedia.org/wiki/Kindred_(novel)
The Last Decathlon,1979,https://en.wikipedia.org/wiki/The_Last_Decathlon
LETTERS,1979,https://en.wikipedia.org/wiki/LETTERS
Leviathan's Deep,1979,https://en.wikipedia.org/wiki/Leviathan%27s_Deep
Lightning in the Night,1979,https://en.wikipedia.org/wiki/Lightning_in_the_Night
The Long Walk (novel),1979,https://en.wikipedia.org/wiki/The_Long_Walk_(novel)
Macrolife,1979,https://en.wikipedia.org/wiki/Macrolife
Malafrena,1979,https://en.wikipedia.org/wiki/Malafrena
"Mark Coffin, U.S.S.",1979,"https://en.wikipedia.org/wiki/Mark_Coffin,_U.S.S."
The Matarese Circle,1979,https://en.wikipedia.org/wiki/The_Matarese_Circle
Mayday (novel),1979,https://en.wikipedia.org/wiki/Mayday_(novel)
Mayflies (novel),1979,https://en.wikipedia.org/wiki/Mayflies_(novel)
The Merman's Children,1979,https://en.wikipedia.org/wiki/The_Merman%27s_Children
Mission to Moulokin,1979,https://en.wikipedia.org/wiki/Mission_to_Moulokin
Morlock Night,1979,https://en.wikipedia.org/wiki/Morlock_Night
Moviola (novel),1979,https://en.wikipedia.org/wiki/Moviola_(novel)
Mulligan Stew (novel),1979,https://en.wikipedia.org/wiki/Mulligan_Stew_(novel)
Murder in Amityville,1979,https://en.wikipedia.org/wiki/Murder_in_Amityville
Never Too Late: My Musical Life Story,1979,https://en.wikipedia.org/wiki/Never_Too_Late:_My_Musical_Life_Story
The New Girls,1979,https://en.wikipedia.org/wiki/The_New_Girls
Night of the Aurochs,1979,https://en.wikipedia.org/wiki/Night_of_the_Aurochs
Night of the Werewolf,1979,https://en.wikipedia.org/wiki/Night_of_the_Werewolf
Nothing Lasts Forever (Thorp novel),1979,https://en.wikipedia.org/wiki/Nothing_Lasts_Forever_(Thorp_novel)
On Wings of Song (novel),1979,https://en.wikipedia.org/wiki/On_Wings_of_Song_(novel)
The Paladin (Garfield novel),1979,https://en.wikipedia.org/wiki/The_Paladin_(Garfield_novel)
A Planet Called Treason,1979,https://en.wikipedia.org/wiki/A_Planet_Called_Treason
The Power that Preserves,1979,https://en.wikipedia.org/wiki/The_Power_that_Preserves
The Probability Broach,1979,https://en.wikipedia.org/wiki/The_Probability_Broach
Ramona and Her Mother,1979,https://en.wikipedia.org/wiki/Ramona_and_Her_Mother
Reincarnation in Venice,1979,https://en.wikipedia.org/wiki/Reincarnation_in_Venice
The Ringworld Engineers,1979,https://en.wikipedia.org/wiki/The_Ringworld_Engineers
The Road from Home,1979,https://en.wikipedia.org/wiki/The_Road_from_Home
The Road of Kings,1979,https://en.wikipedia.org/wiki/The_Road_of_Kings
Roadmarks,1979,https://en.wikipedia.org/wiki/Roadmarks
The Rosary Murders,1979,https://en.wikipedia.org/wiki/The_Rosary_Murders
Season of Passion,1979,https://en.wikipedia.org/wiki/Season_of_Passion
A Shadow of All Night Falling,1979,https://en.wikipedia.org/wiki/A_Shadow_of_All_Night_Falling
Shibumi (novel),1979,https://en.wikipedia.org/wiki/Shibumi_(novel)
The Short-Timers,1979,https://en.wikipedia.org/wiki/The_Short-Timers
Sleepless Nights (novel),1979,https://en.wikipedia.org/wiki/Sleepless_Nights_(novel)
"So Long, See You Tomorrow (novel)",1979,"https://en.wikipedia.org/wiki/So_Long,_See_You_Tomorrow_(novel)"
Sophie's Choice (novel),1979,https://en.wikipedia.org/wiki/Sophie%27s_Choice_(novel)
Sorcerer's Son,1979,https://en.wikipedia.org/wiki/Sorcerer%27s_Son
The Source of Magic,1979,https://en.wikipedia.org/wiki/The_Source_of_Magic
Sphinx (novel),1979,https://en.wikipedia.org/wiki/Sphinx_(novel)
Star Trek: The Motion Picture (novel),1979,https://en.wikipedia.org/wiki/Star_Trek:_The_Motion_Picture_(novel)
The Sting of the Scorpion,1979,https://en.wikipedia.org/wiki/The_Sting_of_the_Scorpion
Suttree,1979,https://en.wikipedia.org/wiki/Suttree
The Sword of Skelos,1979,https://en.wikipedia.org/wiki/The_Sword_of_Skelos
Tales of NevÃ¨rÃ¿on,1979,https://en.wikipedia.org/wiki/Tales_of_Nev%C3%A8r%C3%BFon
Tara of the Twilight,1979,https://en.wikipedia.org/wiki/Tara_of_the_Twilight
Tex (novel),1979,https://en.wikipedia.org/wiki/Tex_(novel)
The Thirteenth Pearl,1979,https://en.wikipedia.org/wiki/The_Thirteenth_Pearl
This Passionate Land,1979,https://en.wikipedia.org/wiki/This_Passionate_Land
Time After Time (Alexander novel),1979,https://en.wikipedia.org/wiki/Time_After_Time_(Alexander_novel)
Tin Woodman (novel),1979,https://en.wikipedia.org/wiki/Tin_Woodman_(novel)
Tinsel (novel),1979,https://en.wikipedia.org/wiki/Tinsel_(novel)
Titan (Varley novel),1979,https://en.wikipedia.org/wiki/Titan_(Varley_novel)
The Totem,1979,https://en.wikipedia.org/wiki/The_Totem
Transfigurations (novel),1979,https://en.wikipedia.org/wiki/Transfigurations_(novel)
Trek to Madworld,1979,https://en.wikipedia.org/wiki/Trek_to_Madworld
The Triple Hoax,1979,https://en.wikipedia.org/wiki/The_Triple_Hoax
Umbertina,1979,https://en.wikipedia.org/wiki/Umbertina
Unholy Loves,1979,https://en.wikipedia.org/wiki/Unholy_Loves
The Vicar of Christ,1979,https://en.wikipedia.org/wiki/The_Vicar_of_Christ
Vida (novel),1979,https://en.wikipedia.org/wiki/Vida_(novel)
Vision Quest (novel),1979,https://en.wikipedia.org/wiki/Vision_Quest_(novel)
Watchtower (novel),1979,https://en.wikipedia.org/wiki/Watchtower_(novel)
The Watermen,1979,https://en.wikipedia.org/wiki/The_Watermen
The Web Between the Worlds,1979,https://en.wikipedia.org/wiki/The_Web_Between_the_Worlds
The White Hart (novel),1979,https://en.wikipedia.org/wiki/The_White_Hart_(novel)
Wilderness (novel),1979,https://en.wikipedia.org/wiki/Wilderness_(novel)
Wingmen (novel),1979,https://en.wikipedia.org/wiki/Wingmen_(novel)
A World Between,1979,https://en.wikipedia.org/wiki/A_World_Between
World Without End (Haldeman novel),1979,https://en.wikipedia.org/wiki/World_Without_End_(Haldeman_novel)
Yargo (novel),1979,https://en.wikipedia.org/wiki/Yargo_(novel)
Yobgorgle: Mystery Monster of Lake Ontario,1979,https://en.wikipedia.org/wiki/Yobgorgle:_Mystery_Monster_of_Lake_Ontario
