year,title,link
1970,Love Story,https://en.wikipedia.org/wiki/Love_Story_(1970_film)
1970,Airport,https://en.wikipedia.org/wiki/Airport_(1970_film)
1970,M*A*S*H,https://en.wikipedia.org/wiki/M*A*S*H_(film)
1970,Patton,https://en.wikipedia.org/wiki/Patton_(film)
1970,The Aristocats,https://en.wikipedia.org/wiki/The_Aristocats
1970,Woodstock,https://en.wikipedia.org/wiki/Woodstock_(film)
1970,Little Big Man,https://en.wikipedia.org/wiki/Little_Big_Man_(film)
1970,Ryan's Daughter,https://en.wikipedia.org/wiki/Ryan%27s_Daughter
1970,Tora! Tora! Tora!,https://en.wikipedia.org/wiki/Tora!_Tora!_Tora!
1970,Catch-22,https://en.wikipedia.org/wiki/Catch-22_(film)
1970,The Dunwich Horror,https://en.wikipedia.org/wiki/The_Dunwich_Horror_(film)
1970,Rider on the Rain,https://en.wikipedia.org/wiki/Rider_on_the_Rain
1970,Start the Revolution Without Me,https://en.wikipedia.org/wiki/Start_the_Revolution_Without_Me
1970,The Party at Kitty and Stud's,https://en.wikipedia.org/wiki/The_Party_at_Kitty_and_Stud%27s
1970,The Liberation of L.B. Jones,https://en.wikipedia.org/wiki/The_Liberation_of_L.B._Jones
1970,King: A Filmed Record... Montgomery to Memphis,https://en.wikipedia.org/wiki/King:_A_Filmed_Record..._Montgomery_to_Memphis
1970,The Cockeyed Cowboys of Calico County,https://en.wikipedia.org/wiki/The_Cockeyed_Cowboys_of_Calico_County
1970,A Swedish Love Story,https://en.wikipedia.org/wiki/A_Swedish_Love_Story
1970,Zig Zag,https://en.wikipedia.org/wiki/Zig_Zag_(1970_film)
1970,"Tell Me That You Love Me, Junie Moon","https://en.wikipedia.org/wiki/Tell_Me_That_You_Love_Me,_Junie_Moon"
1970,Getting Straight,https://en.wikipedia.org/wiki/Getting_Straight
1970,Let It Be,https://en.wikipedia.org/wiki/Let_It_Be_(1970_film)
1970,"My Lover, My Son","https://en.wikipedia.org/wiki/My_Lover,_My_Son"
1970,The Landlord,https://en.wikipedia.org/wiki/The_Landlord
1970,One More Time,https://en.wikipedia.org/wiki/One_More_Time_(1970_film)
1970,Suppose They Gave a War and Nobody Came,https://en.wikipedia.org/wiki/Suppose_They_Gave_a_War_and_Nobody_Came
1970,Too Late the Hero,https://en.wikipedia.org/wiki/Too_Late_the_Hero_(film)
1970,Cotton Comes to Harlem,https://en.wikipedia.org/wiki/Cotton_Comes_to_Harlem
1970,The Magic Garden of Stanley Sweetheart,https://en.wikipedia.org/wiki/The_Magic_Garden_of_Stanley_Sweetheart
1970,Pufnstuf,https://en.wikipedia.org/wiki/Pufnstuf_(film)
1970,Watermelon Man,https://en.wikipedia.org/wiki/Watermelon_Man_(film)
1970,The Vampire Doll,https://en.wikipedia.org/wiki/The_Vampire_Doll
1970,The Invincible Six,https://en.wikipedia.org/wiki/The_Invincible_Six
1970,Sleeping Beauty,https://en.wikipedia.org/wiki/Sleeping_Beauty_(1959_film)
1970,The Hawaiians,https://en.wikipedia.org/wiki/The_Hawaiians_(film)
1970,On a Clear Day You Can See Forever,https://en.wikipedia.org/wiki/On_a_Clear_Day_You_Can_See_Forever_(film)
1970,A Walk in the Spring Rain,https://en.wikipedia.org/wiki/A_Walk_in_the_Spring_Rain
1970,Darling Lili,https://en.wikipedia.org/wiki/Darling_Lili
1970,Lost Flight,https://en.wikipedia.org/wiki/Lost_Flight
1970,Ned Kelly,https://en.wikipedia.org/wiki/Ned_Kelly_(1970_film)
1970,The Moonshine War,https://en.wikipedia.org/wiki/The_Moonshine_War
1970,Which Way to the Front?,https://en.wikipedia.org/wiki/Which_Way_to_the_Front%3F
1970,The Revolutionary,https://en.wikipedia.org/wiki/The_Revolutionary_(1970_film)
1970,Space Amoeba,https://en.wikipedia.org/wiki/Space_Amoeba
1970,Case for a Rookie Hangman,https://en.wikipedia.org/wiki/Case_for_a_Rookie_Hangman
1970,Performance,https://en.wikipedia.org/wiki/Performance_(film)
1970,Soldier Blue,https://en.wikipedia.org/wiki/Soldier_Blue
1970,The People Next Door,https://en.wikipedia.org/wiki/The_People_Next_Door_(1970_film)
1970,Cover Me Babe,https://en.wikipedia.org/wiki/Cover_Me_Babe
1970,How Do I Love Thee?,https://en.wikipedia.org/wiki/How_Do_I_Love_Thee%3F
1970,The Traveling Executioner,https://en.wikipedia.org/wiki/The_Traveling_Executioner
1970,The Vampire Lovers,https://en.wikipedia.org/wiki/The_Vampire_Lovers
1970,"Rabbit, Run","https://en.wikipedia.org/wiki/Rabbit,_Run_(film)"
1970,The Private Life of Sherlock Holmes,https://en.wikipedia.org/wiki/The_Private_Life_of_Sherlock_Holmes
1970,The Sidelong Glances of a Pigeon Kicker,https://en.wikipedia.org/wiki/The_Sidelong_Glances_of_a_Pigeon_Kicker
1970,The Twelve Chairs,https://en.wikipedia.org/wiki/The_Twelve_Chairs_(1970_film)
1970,The Horror of Frankenstein,https://en.wikipedia.org/wiki/The_Horror_of_Frankenstein
1970,Where's Poppa?,https://en.wikipedia.org/wiki/Where%27s_Poppa%3F
1970,Dirty Dingus Magee,https://en.wikipedia.org/wiki/Dirty_Dingus_Magee
1970,I Walk the Line,https://en.wikipedia.org/wiki/I_Walk_the_Line_(film)
1970,Claire's Knee,https://en.wikipedia.org/wiki/Claire%27s_Knee
1970,There's a Girl in My Soup,https://en.wikipedia.org/wiki/There%27s_a_Girl_in_My_Soup
1970,The Wild Country,https://en.wikipedia.org/wiki/The_Wild_Country
1970,Love Story,https://en.wikipedia.org/wiki/Love_Story_(1970_film)
1970,Rio Lobo,https://en.wikipedia.org/wiki/Rio_Lobo
1971,Billy Jack,https://en.wikipedia.org/wiki/Billy_Jack
1971,Fiddler on the Roof,https://en.wikipedia.org/wiki/Fiddler_on_the_Roof_(film)
1971,Diamonds Are Forever,https://en.wikipedia.org/wiki/Diamonds_Are_Forever_(film)
1971,The French Connection,https://en.wikipedia.org/wiki/The_French_Connection_(film)
1971,Summer of '42,https://en.wikipedia.org/wiki/Summer_of_%2742
1971,Dirty Harry,https://en.wikipedia.org/wiki/Dirty_Harry
1971,A Clockwork Orange,https://en.wikipedia.org/wiki/A_Clockwork_Orange_(film)
1971,The Last Picture Show,https://en.wikipedia.org/wiki/The_Last_Picture_Show
1971,Bedknobs and Broomsticks,https://en.wikipedia.org/wiki/Bedknobs_and_Broomsticks
1971,Sweet Sweetback's Baadasssss Song,https://en.wikipedia.org/wiki/Sweet_Sweetback%27s_Baadasssss_Song
1971,Something Big,https://en.wikipedia.org/wiki/Something_Big_(film)
1971,The Last Valley,https://en.wikipedia.org/wiki/The_Last_Valley_(film)
1971,Doctors' Wives,https://en.wikipedia.org/wiki/Doctors%27_Wives_(1971_film)
1971,Little Murders,https://en.wikipedia.org/wiki/Little_Murders
1971,One More Train to Rob,https://en.wikipedia.org/wiki/One_More_Train_to_Rob
1971,A New Leaf,https://en.wikipedia.org/wiki/A_New_Leaf_(film)
1971,THX 1138,https://en.wikipedia.org/wiki/THX_1138
1971,Up Pompeii,https://en.wikipedia.org/wiki/Up_Pompeii_(film)
1971,Friends,https://en.wikipedia.org/wiki/Friends_(1971_film)
1971,Taking Off,https://en.wikipedia.org/wiki/Taking_Off_(film)
1971,Just Before Nightfall,https://en.wikipedia.org/wiki/Just_Before_Nightfall
1971,The Zodiac Killer,https://en.wikipedia.org/wiki/The_Zodiac_Killer_(film)
1971,Summer of '42,https://en.wikipedia.org/wiki/Summer_of_%2742
1971,Valdez Is Coming,https://en.wikipedia.org/wiki/Valdez_Is_Coming
1971,Pretty Maids All in a Row,https://en.wikipedia.org/wiki/Pretty_Maids_All_in_a_Row
1971,Plaza Suite,https://en.wikipedia.org/wiki/Plaza_Suite_(film)
1971,Red Sky at Morning,https://en.wikipedia.org/wiki/Red_Sky_at_Morning_(1971_film)
1971,Support Your Local Gunfighter,https://en.wikipedia.org/wiki/Support_Your_Local_Gunfighter
1971,Villain,https://en.wikipedia.org/wiki/Villain_(1971_film)
1971,The Grissom Gang,https://en.wikipedia.org/wiki/The_Grissom_Gang
1971,They Might Be Giants,https://en.wikipedia.org/wiki/They_Might_Be_Giants_(film)
1971,Wuthering Heights,https://en.wikipedia.org/wiki/Wuthering_Heights_(1970_film)
1971,Who Is Harry Kellerman and Why Is He Saying Those Terrible Things About Me?,https://en.wikipedia.org/wiki/Who_Is_Harry_Kellerman_and_Why_Is_He_Saying_Those_Terrible_Things_About_Me%3F
1971,The Panic in Needle Park,https://en.wikipedia.org/wiki/The_Panic_in_Needle_Park
1971,Man and Boy,https://en.wikipedia.org/wiki/Man_and_Boy_(1971_film)
1971,Wild Rovers,https://en.wikipedia.org/wiki/Wild_Rovers
1971,The Million Dollar Duck,https://en.wikipedia.org/wiki/The_Million_Dollar_Duck
1971,My Old Man's Place,https://en.wikipedia.org/wiki/My_Old_Man%27s_Place
1971,What's the Matter with Helen?,https://en.wikipedia.org/wiki/What%27s_the_Matter_with_Helen%3F
1971,Willy Wonka & the Chocolate Factory,https://en.wikipedia.org/wiki/Willy_Wonka_%26_the_Chocolate_Factory
1971,Walkabout,https://en.wikipedia.org/wiki/Walkabout_(film)
1971,Sunday Bloody Sunday,https://en.wikipedia.org/wiki/Sunday_Bloody_Sunday_(film)
1971,The Hunting Party,https://en.wikipedia.org/wiki/The_Hunting_Party_(1971_film)
1971,The Light at the Edge of the World,https://en.wikipedia.org/wiki/The_Light_at_the_Edge_of_the_World
1971,The Horsemen,https://en.wikipedia.org/wiki/The_Horsemen_(1971_film)
1971,Von Richthofen and Brown,https://en.wikipedia.org/wiki/Von_Richthofen_and_Brown
1971,The Omega Man,https://en.wikipedia.org/wiki/The_Omega_Man
1971,The Marriage of a Young Stockbroker,https://en.wikipedia.org/wiki/The_Marriage_of_a_Young_Stockbroker
1971,Been Down So Long It Looks Like Up to Me,https://en.wikipedia.org/wiki/Been_Down_So_Long_It_Looks_Like_Up_to_Me_(film)
1971,The Trojan Women,https://en.wikipedia.org/wiki/The_Trojan_Women_(film)
1971,The Last Movie,https://en.wikipedia.org/wiki/The_Last_Movie
1971,The Organization,https://en.wikipedia.org/wiki/The_Organization_(film)
1971,Play Misty for Me,https://en.wikipedia.org/wiki/Play_Misty_for_Me
1971,The Todd Killings,https://en.wikipedia.org/wiki/The_Todd_Killings
1971,T.R. Baskin,https://en.wikipedia.org/wiki/T.R._Baskin
1971,"Duck, You Sucker!","https://en.wikipedia.org/wiki/Duck,_You_Sucker!"
1971,Who Killed Mary What's 'Er Name?,https://en.wikipedia.org/wiki/Who_Killed_Mary_What%27s_%27Er_Name%3F
1971,Man in the Wilderness,https://en.wikipedia.org/wiki/Man_in_the_Wilderness
1971,Brian's Song,https://en.wikipedia.org/wiki/Brian%27s_Song
1971,The Day of the Wolves,https://en.wikipedia.org/wiki/The_Day_of_the_Wolves
1971,Chandler,https://en.wikipedia.org/wiki/Chandler_(film)
1971,"Happy Birthday, Wanda June","https://en.wikipedia.org/wiki/Happy_Birthday,_Wanda_June"
1971,Made for Each Other,https://en.wikipedia.org/wiki/Made_for_Each_Other_(1971_film)
1971,Nicholas and Alexandra,https://en.wikipedia.org/wiki/Nicholas_and_Alexandra
1971,There's Always Vanilla,https://en.wikipedia.org/wiki/There%27s_Always_Vanilla
1971,Lady and the Tramp,https://en.wikipedia.org/wiki/Lady_and_the_Tramp
1971,"Mary, Queen of Scots","https://en.wikipedia.org/wiki/Mary,_Queen_of_Scots_(1971_film)"
1971,Sometimes A Great Notion,https://en.wikipedia.org/wiki/Sometimes_a_Great_Notion_(film)
1971,Macbeth,https://en.wikipedia.org/wiki/Macbeth_(1971_film)
1971,Kidnapped,https://en.wikipedia.org/wiki/Kidnapped_(1971_film)
1971,Minnie and Moskowitz,https://en.wikipedia.org/wiki/Minnie_and_Moskowitz
1971,Star Spangled Girl,https://en.wikipedia.org/wiki/Star_Spangled_Girl
1971,Dirty Harry,https://en.wikipedia.org/wiki/Dirty_Harry
1972,The Godfather,https://en.wikipedia.org/wiki/The_Godfather
1972,The Poseidon Adventure,https://en.wikipedia.org/wiki/The_Poseidon_Adventure_(1972_film)
1972,"What's Up, Doc?","https://en.wikipedia.org/wiki/What%27s_Up,_Doc%3F_(1972_film)"
1972,Deliverance,https://en.wikipedia.org/wiki/Deliverance
1972,Deep Throat,https://en.wikipedia.org/wiki/Deep_Throat_(film)
1972,Jeremiah Johnson,https://en.wikipedia.org/wiki/Jeremiah_Johnson_(film)
1972,Cabaret,https://en.wikipedia.org/wiki/Cabaret_(1972_film)
1972,The Getaway,https://en.wikipedia.org/wiki/The_Getaway_(1972_film)
1972,Last Tango in Paris,https://en.wikipedia.org/wiki/Last_Tango_in_Paris
1972,Lady Sings the Blues,https://en.wikipedia.org/wiki/Lady_Sings_the_Blues_(film)
1972,Silent Running,https://en.wikipedia.org/wiki/Silent_Running
1972,"What's Up, Doc?","https://en.wikipedia.org/wiki/What%27s_Up,_Doc%3F_(1972_film)"
1972,Slaughterhouse-Five,https://en.wikipedia.org/wiki/Slaughterhouse-Five_(film)
1972,Fist of Fury,https://en.wikipedia.org/wiki/Fist_of_Fury
1972,The Ten Commandments,https://en.wikipedia.org/wiki/The_Ten_Commandments_(1956_film)
1972,Five Fingers of Death,https://en.wikipedia.org/wiki/King_Boxer
1972,Hammersmith Is Out,https://en.wikipedia.org/wiki/Hammersmith_Is_Out
1972,Skyjacked,https://en.wikipedia.org/wiki/Skyjacked_(film)
1972,Z.P.G.,https://en.wikipedia.org/wiki/Z.P.G.
1972,Boxcar Bertha,https://en.wikipedia.org/wiki/Boxcar_Bertha
1972,Beware! The Blob,https://en.wikipedia.org/wiki/Beware!_The_Blob
1972,Frenzy,https://en.wikipedia.org/wiki/Frenzy
1972,The Groundstar Conspiracy,https://en.wikipedia.org/wiki/The_Groundstar_Conspiracy
1972,The Revengers,https://en.wikipedia.org/wiki/The_Revengers_(film)
1972,"Come Back, Charleston Blue","https://en.wikipedia.org/wiki/Come_Back,_Charleston_Blue"
1972,Napoleon and Samantha,https://en.wikipedia.org/wiki/Napoleon_and_Samantha
1972,Joe Kidd,https://en.wikipedia.org/wiki/Joe_Kidd
1972,The Wrath of God,https://en.wikipedia.org/wiki/The_Wrath_of_God
1972,The Thing with Two Heads,https://en.wikipedia.org/wiki/The_Thing_with_Two_Heads
1972,Night of the Lepus,https://en.wikipedia.org/wiki/Night_of_the_Lepus
1972,Kansas City Bomber,https://en.wikipedia.org/wiki/Kansas_City_Bomber
1972,When the Legends Die,https://en.wikipedia.org/wiki/When_the_Legends_Die
1972,Dirty Little Billy,https://en.wikipedia.org/wiki/Dirty_Little_Billy
1972,Trouble Man,https://en.wikipedia.org/wiki/Trouble_Man_(film)
1972,Asylum,https://en.wikipedia.org/wiki/Asylum_(1972_horror_film)
1972,The Mechanic,https://en.wikipedia.org/wiki/The_Mechanic_(1972_film)
1972,Black Gunn,https://en.wikipedia.org/wiki/Black_Gunn
1972,They Only Kill Their Masters,https://en.wikipedia.org/wiki/They_Only_Kill_Their_Masters
1972,Man of La Mancha,https://en.wikipedia.org/wiki/Man_of_La_Mancha_(film)
1972,The Poseidon Adventure,https://en.wikipedia.org/wiki/The_Poseidon_Adventure_(1972_film)
1972,The Heartbreak Kid,https://en.wikipedia.org/wiki/The_Heartbreak_Kid_(1972_film)
1972,Pete 'n' Tillie,https://en.wikipedia.org/wiki/Pete_%27n%27_Tillie
1972,Travels with My Aunt,https://en.wikipedia.org/wiki/Travels_with_My_Aunt_(film)
1972,Daigoro vs. Goliath,https://en.wikipedia.org/wiki/Daigoro_vs._Goliath
1972,The Life and Times of Judge Roy Bean,https://en.wikipedia.org/wiki/The_Life_and_Times_of_Judge_Roy_Bean
1972,Hit Man,https://en.wikipedia.org/wiki/Hit_Man_(1972_film)
1972,The Sword in the Stone,https://en.wikipedia.org/wiki/The_Sword_in_the_Stone_(1963_film)
1973,The Exorcist,https://en.wikipedia.org/wiki/The_Exorcist
1973,The Sting,https://en.wikipedia.org/wiki/The_Sting
1973,American Graffiti,https://en.wikipedia.org/wiki/American_Graffiti
1973,Papillon,https://en.wikipedia.org/wiki/Papillon_(1973_film)
1973,The Way We Were,https://en.wikipedia.org/wiki/The_Way_We_Were
1973,Magnum Force,https://en.wikipedia.org/wiki/Magnum_Force
1973,Live and Let Die,https://en.wikipedia.org/wiki/Live_and_Let_Die_(film)
1973,Robin Hood,https://en.wikipedia.org/wiki/Robin_Hood_(1973_film)
1973,Paper Moon,https://en.wikipedia.org/wiki/Paper_Moon_(film)
1973,Serpico,https://en.wikipedia.org/wiki/Serpico_(film)
1973,Manson,https://en.wikipedia.org/wiki/Manson_(film)
1973,The Love Ban,https://en.wikipedia.org/wiki/The_Love_Ban
1973,Last Tango in Paris,https://en.wikipedia.org/wiki/Last_Tango_in_Paris
1973,Steelyard Blues,https://en.wikipedia.org/wiki/Steelyard_Blues
1973,The Train Robbers,https://en.wikipedia.org/wiki/The_Train_Robbers
1973,Jory,https://en.wikipedia.org/wiki/Jory_(film)
1973,Turkish Delight,https://en.wikipedia.org/wiki/Turkish_Delight_(1973_film)
1973,Walking Tall,https://en.wikipedia.org/wiki/Walking_Tall_(1973_film)
1973,The Thief Who Came to Dinner,https://en.wikipedia.org/wiki/The_Thief_Who_Came_to_Dinner
1973,The Long Goodbye,https://en.wikipedia.org/wiki/The_Long_Goodbye_(film)
1973,The Vault of Horror,https://en.wikipedia.org/wiki/The_Vault_of_Horror_(film)
1973,Forced Entry,https://en.wikipedia.org/wiki/Forced_Entry_(1973_film)
1973,The Devil in Miss Jones,https://en.wikipedia.org/wiki/The_Devil_in_Miss_Jones
1973,Kamouraska,https://en.wikipedia.org/wiki/Kamouraska_(film)
1973,Scarecrow,https://en.wikipedia.org/wiki/Scarecrow_(1973_film)
1973,Tiffany Jones,https://en.wikipedia.org/wiki/Tiffany_Jones_(film)
1973,Charley One-Eye,https://en.wikipedia.org/wiki/Charley_One-Eye
1973,Scorpio,https://en.wikipedia.org/wiki/Scorpio_(film)
1973,Soylent Green,https://en.wikipedia.org/wiki/Soylent_Green
1973,"Father, Dear Father","https://en.wikipedia.org/wiki/Father,_Dear_Father_(film)"
1973,Hitler: The Last Ten Days,https://en.wikipedia.org/wiki/Hitler:_The_Last_Ten_Days
1973,Paper Moon,https://en.wikipedia.org/wiki/Paper_Moon_(film)
1973,Little Laura and Big John,https://en.wikipedia.org/wiki/Little_Laura_and_Big_John
1973,Pat Garrett and Billy the Kid,https://en.wikipedia.org/wiki/Pat_Garrett_and_Billy_the_Kid
1973,Terror in the Wax Museum,https://en.wikipedia.org/wiki/Terror_in_the_Wax_Museum
1973,Emperor of the North Pole,https://en.wikipedia.org/wiki/Emperor_of_the_North_Pole
1973,Little Cigars,https://en.wikipedia.org/wiki/Little_Cigars_(film)
1973,Idaho Transfer,https://en.wikipedia.org/wiki/Idaho_Transfer
1973,Interval,https://en.wikipedia.org/wiki/Interval_(film)
1973,The Legend of Hell House,https://en.wikipedia.org/wiki/The_Legend_of_Hell_House
1973,One Little Indian,https://en.wikipedia.org/wiki/One_Little_Indian_(film)
1973,Shaft in Africa,https://en.wikipedia.org/wiki/Shaft_in_Africa
1973,Showdown,https://en.wikipedia.org/wiki/Showdown_(1973_film)
1973,A Touch of Class,https://en.wikipedia.org/wiki/A_Touch_of_Class_(film)
1973,Live and Let Die,https://en.wikipedia.org/wiki/Live_and_Let_Die_(film)
1973,The Man Who Loved Cat Dancing,https://en.wikipedia.org/wiki/The_Man_Who_Loved_Cat_Dancing_(film)
1973,Lady Ice,https://en.wikipedia.org/wiki/Lady_Ice
1973,The Mackintosh Man,https://en.wikipedia.org/wiki/The_Mackintosh_Man
1973,"No Sex Please, We're British","https://en.wikipedia.org/wiki/No_Sex_Please,_We%27re_British_(film)"
1973,Maurie,https://en.wikipedia.org/wiki/Maurie_(film)
1973,The Naked Ape,https://en.wikipedia.org/wiki/The_Naked_Ape_(film)
1973,The Neptune Factor,https://en.wikipedia.org/wiki/The_Neptune_Factor
1973,The Stone Killer,https://en.wikipedia.org/wiki/The_Stone_Killer
1973,White Lightning,https://en.wikipedia.org/wiki/White_Lightning_(1973_film)
1973,Jesus Christ Superstar,https://en.wikipedia.org/wiki/Jesus_Christ_Superstar_(film)
1973,Romeo and Juliet,https://en.wikipedia.org/wiki/Romeo_and_Juliet_(1968_film)
1973,Westworld,https://en.wikipedia.org/wiki/Westworld_(film)
1973,Enter the Dragon,https://en.wikipedia.org/wiki/Enter_the_Dragon
1973,Santee,https://en.wikipedia.org/wiki/Santee_(film)
1973,The Paper Chase,https://en.wikipedia.org/wiki/The_Paper_Chase_(film)
1973,Scalawag,https://en.wikipedia.org/wiki/Scalawag_(film)
1973,The House in Nightmare Park,https://en.wikipedia.org/wiki/The_House_in_Nightmare_Park
1973,The Outfit,https://en.wikipedia.org/wiki/The_Outfit_(1973_film)
1973,The Way We Were,https://en.wikipedia.org/wiki/The_Way_We_Were
1973,The Iceman Cometh,https://en.wikipedia.org/wiki/The_Iceman_Cometh_(1973_film)
1973,That'll Be the Day,https://en.wikipedia.org/wiki/That%27ll_Be_the_Day_(film)
1973,A Doll's House,https://en.wikipedia.org/wiki/A_Doll%27s_House_(1973_Losey_film)
1973,Robin Hood,https://en.wikipedia.org/wiki/Robin_Hood_(1973_film)
1973,England Made Me,https://en.wikipedia.org/wiki/England_Made_Me_(film)
1973,The Holy Mountain,https://en.wikipedia.org/wiki/The_Holy_Mountain_(1973_film)
1973,Fantastic Planet,https://en.wikipedia.org/wiki/Fantastic_Planet
1973,Marco,https://en.wikipedia.org/wiki/Marco_(1973_film)
1973,The Wicker Man,https://en.wikipedia.org/wiki/The_Wicker_Man_(1973_film)
1973,Now Where Did the 7th Company Get to?,https://en.wikipedia.org/wiki/Now_Where_Did_the_7th_Company_Get_to%3F
1973,Superdad,https://en.wikipedia.org/wiki/Superdad
1973,The Seven-Ups,https://en.wikipedia.org/wiki/The_Seven-Ups
1973,Papillon,https://en.wikipedia.org/wiki/Papillon_(1973_film)
1973,Cinderella Liberty,https://en.wikipedia.org/wiki/Cinderella_Liberty
1973,The Day of the Dolphin,https://en.wikipedia.org/wiki/The_Day_of_the_Dolphin
1973,Willie Dynamite,https://en.wikipedia.org/wiki/Willie_Dynamite
1973,The Laughing Policeman,https://en.wikipedia.org/wiki/The_Laughing_Policeman_(film)
1973,Jimi Hendrix,https://en.wikipedia.org/wiki/Jimi_Hendrix_(film)
1973,Magnum Force,https://en.wikipedia.org/wiki/Magnum_Force
1974,Blazing Saddles,https://en.wikipedia.org/wiki/Blazing_Saddles
1974,The Towering Inferno,https://en.wikipedia.org/wiki/The_Towering_Inferno
1974,The Trial of Billy Jack,https://en.wikipedia.org/wiki/The_Trial_of_Billy_Jack
1974,Young Frankenstein,https://en.wikipedia.org/wiki/Young_Frankenstein
1974,Earthquake,https://en.wikipedia.org/wiki/Earthquake_(1974_film)
1974,The Godfather Part II,https://en.wikipedia.org/wiki/The_Godfather_Part_II
1974,Airport 1975,https://en.wikipedia.org/wiki/Airport_1975
1974,The Life and Times of Grizzly Adams,https://en.wikipedia.org/wiki/The_Life_and_Times_of_Grizzly_Adams
1974,The Longest Yard,https://en.wikipedia.org/wiki/The_Longest_Yard_(1974_film)
1974,Murder on the Orient Express,https://en.wikipedia.org/wiki/Murder_on_the_Orient_Express_(1974_film)
1974,Rhinoceros,https://en.wikipedia.org/wiki/Rhinoceros_(film)
1974,Sugar Hill,https://en.wikipedia.org/wiki/Sugar_Hill_(1974_film)
1974,Man on a Swing,https://en.wikipedia.org/wiki/Man_on_a_Swing
1974,Mame,https://en.wikipedia.org/wiki/Mame_(film)
1974,The Sugarland Express,https://en.wikipedia.org/wiki/The_Sugarland_Express
1974,Foxy Brown,https://en.wikipedia.org/wiki/Foxy_Brown_(film)
1974,The Conversation,https://en.wikipedia.org/wiki/The_Conversation
1974,Thomasine & Bushrod,https://en.wikipedia.org/wiki/Thomasine_%26_Bushrod
1974,Son of Dracula,https://en.wikipedia.org/wiki/Son_of_Dracula_(1974_film)
1974,Claudine,https://en.wikipedia.org/wiki/Claudine_(film)
1974,The Spikes Gang,https://en.wikipedia.org/wiki/The_Spikes_Gang
1974,The Black Windmill,https://en.wikipedia.org/wiki/The_Black_Windmill
1974,"Dirty Mary, Crazy Larry","https://en.wikipedia.org/wiki/Dirty_Mary,_Crazy_Larry"
1974,That's Entertainment!,https://en.wikipedia.org/wiki/That%27s_Entertainment!
1974,People Toys,https://en.wikipedia.org/wiki/People_Toys
1974,Daisy Miller,https://en.wikipedia.org/wiki/Daisy_Miller_(film)
1974,The Nickel Ride,https://en.wikipedia.org/wiki/The_Nickel_Ride
1974,Thunderbolt and Lightfoot,https://en.wikipedia.org/wiki/Thunderbolt_and_Lightfoot
1974,Welcome to Arrow Beach,https://en.wikipedia.org/wiki/Welcome_to_Arrow_Beach
1974,Bootleggers,https://en.wikipedia.org/wiki/Bootleggers_(1974_film)
1974,Herbie Rides Again,https://en.wikipedia.org/wiki/Herbie_Rides_Again
1974,The Parallax View,https://en.wikipedia.org/wiki/The_Parallax_View
1974,Where the Red Fern Grows,https://en.wikipedia.org/wiki/Where_the_Red_Fern_Grows_(1974_film)
1974,For Pete's Sake,https://en.wikipedia.org/wiki/For_Pete%27s_Sake_(film)
1974,Three the Hard Way,https://en.wikipedia.org/wiki/Three_the_Hard_Way_(film)
1974,Truck Turner,https://en.wikipedia.org/wiki/Truck_Turner
1974,S*P*Y*S,https://en.wikipedia.org/wiki/S*P*Y*S
1974,W,https://en.wikipedia.org/wiki/W_(1974_film)
1974,Mr. Majestyk,https://en.wikipedia.org/wiki/Mr._Majestyk
1974,The Take,https://en.wikipedia.org/wiki/The_Take_(1974_film)
1974,My Name Is Nobody,https://en.wikipedia.org/wiki/My_Name_Is_Nobody
1974,The Education of Sonny Carson,https://en.wikipedia.org/wiki/The_Education_of_Sonny_Carson
1974,Golden Needles,https://en.wikipedia.org/wiki/Golden_Needles
1974,Gone in 60 Seconds,https://en.wikipedia.org/wiki/Gone_in_60_Seconds_(1974_film)
1974,The Internecine Project,https://en.wikipedia.org/wiki/The_Internecine_Project
1974,Uptown Saturday Night,https://en.wikipedia.org/wiki/Uptown_Saturday_Night
1974,The Bears and I,https://en.wikipedia.org/wiki/The_Bears_and_I
1974,Together Brothers,https://en.wikipedia.org/wiki/Together_Brothers
1974,The Longest Yard,https://en.wikipedia.org/wiki/The_Longest_Yard_(1974_film)
1974,Newman's Law,https://en.wikipedia.org/wiki/Newman%27s_Law
1974,Amazing Grace,https://en.wikipedia.org/wiki/Amazing_Grace_(1974_film)
1974,Juggernaut,https://en.wikipedia.org/wiki/Juggernaut_(1974_film)
1974,The Texas Chain Saw Massacre,https://en.wikipedia.org/wiki/The_Texas_Chain_Saw_Massacre
1974,The Taking of Pelham One Two Three,https://en.wikipedia.org/wiki/The_Taking_of_Pelham_One_Two_Three_(1974_film)
1974,Shanks,https://en.wikipedia.org/wiki/Shanks_(film)
1974,It's Alive,https://en.wikipedia.org/wiki/It%27s_Alive_(1974_film)
1974,The Crazy World of Julius Vrooder,https://en.wikipedia.org/wiki/The_Crazy_World_of_Julius_Vrooder
1974,The Odessa File,https://en.wikipedia.org/wiki/The_Odessa_File_(film)
1974,Mixed Company,https://en.wikipedia.org/wiki/Mixed_Company
1974,A Woman Under the Influence,https://en.wikipedia.org/wiki/A_Woman_Under_the_Influence
1974,Stardust,https://en.wikipedia.org/wiki/Stardust_(1974_film)
1974,The Four Musketeers,https://en.wikipedia.org/wiki/The_Four_Musketeers_(1974_film)
1974,The Savage Is Loose,https://en.wikipedia.org/wiki/The_Savage_Is_Loose
1974,The Trial of Billy Jack,https://en.wikipedia.org/wiki/The_Trial_of_Billy_Jack
1974,Earthquake,https://en.wikipedia.org/wiki/Earthquake_(1974_film)
1974,Lenny,https://en.wikipedia.org/wiki/Lenny_(film)
1974,Seizure,https://en.wikipedia.org/wiki/Seizure_(film)
1974,Great Expectations,https://en.wikipedia.org/wiki/Great_Expectations_(1974_film)
1974,The Tamarind Seed,https://en.wikipedia.org/wiki/The_Tamarind_Seed
1974,A Woman Under the Influence,https://en.wikipedia.org/wiki/A_Woman_Under_the_Influence
1974,Murder on the Orient Express,https://en.wikipedia.org/wiki/Murder_on_the_Orient_Express_(1974_film)
1974,The Land That Time Forgot,https://en.wikipedia.org/wiki/The_Land_That_Time_Forgot_(1975_film)
1974,The Marseille Contract,https://en.wikipedia.org/wiki/The_Marseille_Contract
1974,"Soft Beds, Hard Battles","https://en.wikipedia.org/wiki/Soft_Beds,_Hard_Battles"
1974,The Towering Inferno,https://en.wikipedia.org/wiki/The_Towering_Inferno
1974,The Godfather Part II,https://en.wikipedia.org/wiki/The_Godfather_Part_II
1974,Hearts and Minds,https://en.wikipedia.org/wiki/Hearts_and_Minds_(film)
1974,The Island at the Top of the World,https://en.wikipedia.org/wiki/The_Island_at_the_Top_of_the_World
1974,The Man with the Golden Gun,https://en.wikipedia.org/wiki/The_Man_with_the_Golden_Gun_(film)
1974,Swept Away,https://en.wikipedia.org/wiki/Swept_Away_(1974_film)
1974,Freebie and the Bean,https://en.wikipedia.org/wiki/Freebie_and_the_Bean
1974,Where the Lilies Bloom,https://en.wikipedia.org/wiki/Where_the_Lilies_Bloom
1975,Jaws,https://en.wikipedia.org/wiki/Jaws_(film)
1975,One Flew Over the Cuckoo's Nest,https://en.wikipedia.org/wiki/One_Flew_Over_the_Cuckoo%27s_Nest_(film)
1975,Shampoo,https://en.wikipedia.org/wiki/Shampoo_(film)
1975,Dog Day Afternoon,https://en.wikipedia.org/wiki/Dog_Day_Afternoon
1975,The Return of the Pink Panther,https://en.wikipedia.org/wiki/The_Return_of_the_Pink_Panther
1975,Three Days of the Condor,https://en.wikipedia.org/wiki/Three_Days_of_the_Condor
1975,The Rocky Horror Picture Show,https://en.wikipedia.org/wiki/The_Rocky_Horror_Picture_Show
1975,Funny Lady,https://en.wikipedia.org/wiki/Funny_Lady
1975,The Other Side of the Mountain,https://en.wikipedia.org/wiki/The_Other_Side_of_the_Mountain
1975,Tommy,https://en.wikipedia.org/wiki/Tommy_(1975_film)
1975,Mahler,https://en.wikipedia.org/wiki/Mahler_(film)
1975,Mirror,https://en.wikipedia.org/wiki/Mirror_(1975_film)
1975,Rancho Deluxe,https://en.wikipedia.org/wiki/Rancho_Deluxe
1975,The Yakuza,https://en.wikipedia.org/wiki/The_Yakuza
1975,"Brother, Can You Spare a Dime?","https://en.wikipedia.org/wiki/Brother,_Can_You_Spare_a_Dime%3F_(film)"
1975,The Manchu Eagle Murder Caper Mystery,https://en.wikipedia.org/wiki/The_Manchu_Eagle_Murder_Caper_Mystery
1975,"Sheba, Baby","https://en.wikipedia.org/wiki/Sheba,_Baby"
1975,Supervixens,https://en.wikipedia.org/wiki/Supervixens
1975,Fore Play,https://en.wikipedia.org/wiki/Fore_Play
1975,Dolemite,https://en.wikipedia.org/wiki/Dolemite
1975,Monty Python and the Holy Grail,https://en.wikipedia.org/wiki/Monty_Python_and_the_Holy_Grail
1975,The Specialist,https://en.wikipedia.org/wiki/The_Specialist_(1975_film)
1975,The Man in the Glass Booth,https://en.wikipedia.org/wiki/The_Man_in_the_Glass_Booth
1975,The Eiger Sanction,https://en.wikipedia.org/wiki/The_Eiger_Sanction_(film)
1975,French Connection II,https://en.wikipedia.org/wiki/French_Connection_II
1975,The Return of the Pink Panther,https://en.wikipedia.org/wiki/The_Return_of_the_Pink_Panther
1975,W.W. and the Dixie Dancekings,https://en.wikipedia.org/wiki/W.W._and_the_Dixie_Dancekings
1975,The Wild McCullochs,https://en.wikipedia.org/wiki/The_Wild_McCullochs
1975,The Wind and the Lion,https://en.wikipedia.org/wiki/The_Wind_and_the_Lion
1975,Poor Pretty Eddie,https://en.wikipedia.org/wiki/Poor_Pretty_Eddie
1975,The Ultimate Warrior,https://en.wikipedia.org/wiki/The_Ultimate_Warrior_(film)
1975,Night Moves,https://en.wikipedia.org/wiki/Night_Moves_(1975_film)
1975,Sunday Too Far Away,https://en.wikipedia.org/wiki/Sunday_Too_Far_Away
1975,Jaws,https://en.wikipedia.org/wiki/Jaws_(film)
1975,Once Is Not Enough,https://en.wikipedia.org/wiki/Once_Is_Not_Enough_(film)
1975,That's the Way of the World,https://en.wikipedia.org/wiki/That%27s_the_Way_of_the_World_(film)
1975,Cooley High,https://en.wikipedia.org/wiki/Cooley_High
1975,Rollerball,https://en.wikipedia.org/wiki/Rollerball_(1975_film)
1975,Race with the Devil,https://en.wikipedia.org/wiki/Race_with_the_Devil
1975,Gone with the West,https://en.wikipedia.org/wiki/Gone_with_the_West
1975,Walking Tall Part 2,https://en.wikipedia.org/wiki/Walking_Tall_Part_2
1975,Smile,https://en.wikipedia.org/wiki/Smile_(1975_film)
1975,Return to Macon County,https://en.wikipedia.org/wiki/Return_to_Macon_County
1975,Zorro,https://en.wikipedia.org/wiki/Zorro_(1975_Italian_film)
1975,Hennessy,https://en.wikipedia.org/wiki/Hennessy_(film)
1975,The Man from Hong Kong,https://en.wikipedia.org/wiki/The_Man_from_Hong_Kong
1975,Journey into Fear,https://en.wikipedia.org/wiki/Journey_into_Fear_(1975_film)
1975,Picnic at Hanging Rock,https://en.wikipedia.org/wiki/Picnic_at_Hanging_Rock_(film)
1975,The Land That Time Forgot,https://en.wikipedia.org/wiki/The_Land_That_Time_Forgot_(1975_film)
1975,Mitchell,https://en.wikipedia.org/wiki/Mitchell_(film)
1975,Hearts of the West,https://en.wikipedia.org/wiki/Hearts_of_the_West_(1975_film)
1975,Mahogany,https://en.wikipedia.org/wiki/Mahogany_(1975_film)
1975,Royal Flash,https://en.wikipedia.org/wiki/Royal_Flash_(film)
1975,Shivers,https://en.wikipedia.org/wiki/Shivers_(1975_film)
1975,Lies My Father Told Me,https://en.wikipedia.org/wiki/Lies_My_Father_Told_Me
1975,Crazy Mama,https://en.wikipedia.org/wiki/Crazy_Mama
1975,Overlord,https://en.wikipedia.org/wiki/Overlord_(1975_film)
1975,Winterhawk,https://en.wikipedia.org/wiki/Winterhawk
1975,The Sunshine Boys,https://en.wikipedia.org/wiki/The_Sunshine_Boys_(1975_film)
1975,Fear Over the City,https://en.wikipedia.org/wiki/Fear_Over_the_City
1975,One Flew Over the Cuckoo's Nest,https://en.wikipedia.org/wiki/One_Flew_Over_the_Cuckoo%27s_Nest_(film)
1975,Permission to Kill,https://en.wikipedia.org/wiki/Permission_to_Kill
1975,The Wrong Move,https://en.wikipedia.org/wiki/The_Wrong_Move
1975,Sixpack Annie,https://en.wikipedia.org/wiki/Sixpack_Annie
1975,Deadly Hero,https://en.wikipedia.org/wiki/Deadly_Hero
1975,The Reincarnation of Peter Proud,https://en.wikipedia.org/wiki/The_Reincarnation_of_Peter_Proud
1975,The Man Who Would Be King,https://en.wikipedia.org/wiki/The_Man_Who_Would_Be_King_(film)
1975,Bugs Bunny: Superstar,https://en.wikipedia.org/wiki/Bugs_Bunny:_Superstar
1975,Carry On Behind,https://en.wikipedia.org/wiki/Carry_On_Behind
1975,The Killer Elite,https://en.wikipedia.org/wiki/The_Killer_Elite
1975,The Black Bird,https://en.wikipedia.org/wiki/The_Black_Bird
1975,Breakheart Pass,https://en.wikipedia.org/wiki/Breakheart_Pass_(film)
1975,Friday Foster,https://en.wikipedia.org/wiki/Friday_Foster_(film)
1975,The Hindenburg,https://en.wikipedia.org/wiki/The_Hindenburg_(film)
1975,Hustle,https://en.wikipedia.org/wiki/Hustle_(1975_film)
1975,Lucky Lady,https://en.wikipedia.org/wiki/Lucky_Lady
1975,Ride a Wild Pony,https://en.wikipedia.org/wiki/Ride_a_Wild_Pony
1976,Rocky,https://en.wikipedia.org/wiki/Rocky
1976,To Fly!,https://en.wikipedia.org/wiki/To_Fly!
1976,A Star Is Born,https://en.wikipedia.org/wiki/A_Star_Is_Born_(1976_film)
1976,King Kong,https://en.wikipedia.org/wiki/King_Kong_(1976_film)
1976,Silver Streak,https://en.wikipedia.org/wiki/Silver_Streak_(film)
1976,All the President's Men,https://en.wikipedia.org/wiki/All_the_President%27s_Men_(film)
1976,The Omen,https://en.wikipedia.org/wiki/The_Omen
1976,The Enforcer,https://en.wikipedia.org/wiki/The_Enforcer_(1976_film)
1976,Midway,https://en.wikipedia.org/wiki/Midway_(1976_film)
1976,The Bad News Bears,https://en.wikipedia.org/wiki/The_Bad_News_Bears
1976,"No Deposit, No Return","https://en.wikipedia.org/wiki/No_Deposit,_No_Return"
1976,The Killing of a Chinese Bookie,https://en.wikipedia.org/wiki/The_Killing_of_a_Chinese_Bookie
1976,Robin and Marian,https://en.wikipedia.org/wiki/Robin_and_Marian
1976,Mustang Country,https://en.wikipedia.org/wiki/Mustang_Country
1976,Ride a Wild Pony,https://en.wikipedia.org/wiki/Ride_a_Wild_Pony
1976,Sky Riders,https://en.wikipedia.org/wiki/Sky_Riders
1976,The Duchess and the Dirtwater Fox,https://en.wikipedia.org/wiki/The_Duchess_and_the_Dirtwater_Fox
1976,Sparkle,https://en.wikipedia.org/wiki/Sparkle_(1976_film)
1976,Family Plot,https://en.wikipedia.org/wiki/Family_Plot
1976,The Sailor Who Fell from Grace with the Sea,https://en.wikipedia.org/wiki/The_Sailor_Who_Fell_from_Grace_with_the_Sea_(film)
1976,Stay Hungry,https://en.wikipedia.org/wiki/Stay_Hungry
1976,Grizzly,https://en.wikipedia.org/wiki/Grizzly_(film)
1976,"That's Entertainment, Part II","https://en.wikipedia.org/wiki/That%27s_Entertainment,_Part_II"
1976,The Premonition,https://en.wikipedia.org/wiki/The_Premonition_(1976_film)
1976,Embryo,https://en.wikipedia.org/wiki/Embryo_(1976_film)
1976,Hawmps!,https://en.wikipedia.org/wiki/Hawmps!
1976,"Mother, Jugs & Speed","https://en.wikipedia.org/wiki/Mother,_Jugs_%26_Speed"
1976,"Won Ton Ton, the Dog Who Saved Hollywood","https://en.wikipedia.org/wiki/Won_Ton_Ton,_the_Dog_Who_Saved_Hollywood"
1976,The Little Girl Who Lives Down the Lane,https://en.wikipedia.org/wiki/The_Little_Girl_Who_Lives_Down_the_Lane
1976,Shoot,https://en.wikipedia.org/wiki/Shoot_(film)
1976,The Last Hard Men,https://en.wikipedia.org/wiki/The_Last_Hard_Men_(film)
1976,A Small Town in Texas,https://en.wikipedia.org/wiki/A_Small_Town_in_Texas
1976,The Tenant,https://en.wikipedia.org/wiki/The_Tenant
1976,Silent Movie,https://en.wikipedia.org/wiki/Silent_Movie
1976,Midway,https://en.wikipedia.org/wiki/Midway_(1976_film)
1976,The Great Scout & Cathouse Thursday,https://en.wikipedia.org/wiki/The_Great_Scout_%26_Cathouse_Thursday
1976,Logan's Run,https://en.wikipedia.org/wiki/Logan%27s_Run_(film)
1976,Murder by Death,https://en.wikipedia.org/wiki/Murder_by_Death
1976,Treasure of Matecumbe,https://en.wikipedia.org/wiki/Treasure_of_Matecumbe
1976,The Opening of Misty Beethoven,https://en.wikipedia.org/wiki/The_Opening_of_Misty_Beethoven
1976,Special Delivery,https://en.wikipedia.org/wiki/Special_Delivery_(1976_film)
1976,A*P*E,https://en.wikipedia.org/wiki/Ape_(1976_film)
1976,Swashbuckler,https://en.wikipedia.org/wiki/Swashbuckler_(film)
1976,Squirm,https://en.wikipedia.org/wiki/Squirm_(film)
1976,The Wackiest Wagon Train in the West,https://en.wikipedia.org/wiki/The_Wackiest_Wagon_Train_in_the_West
1976,The Ritz,https://en.wikipedia.org/wiki/The_Ritz_(film)
1976,The Shootist,https://en.wikipedia.org/wiki/The_Shootist
1976,J.D.'s Revenge,https://en.wikipedia.org/wiki/J.D.%27s_Revenge
1976,Bugsy Malone,https://en.wikipedia.org/wiki/Bugsy_Malone
1976,The Smurfs and the Magic Flute,https://en.wikipedia.org/wiki/The_Smurfs_and_the_Magic_Flute
1976,Marathon Man,https://en.wikipedia.org/wiki/Marathon_Man_(film)
1976,Scorchy,https://en.wikipedia.org/wiki/Scorchy
1976,The Killer Inside Me,https://en.wikipedia.org/wiki/The_Killer_Inside_Me_(1976_film)
1976,The Song Remains the Same,https://en.wikipedia.org/wiki/The_Song_Remains_the_Same_(film)
1976,God Told Me To,https://en.wikipedia.org/wiki/God_Told_Me_To
1976,Up!,https://en.wikipedia.org/wiki/Up!_(1976_film)
1976,Two-Minute Warning,https://en.wikipedia.org/wiki/Two-Minute_Warning
1976,Welcome to L.A.,https://en.wikipedia.org/wiki/Welcome_to_L.A.
1976,Silver Streak,https://en.wikipedia.org/wiki/Silver_Streak_(film)
1976,Queen Kong,https://en.wikipedia.org/wiki/Queen_Kong
1976,The Pink Panther Strikes Again,https://en.wikipedia.org/wiki/The_Pink_Panther_Strikes_Again
1976,Tracks,https://en.wikipedia.org/wiki/Tracks_(1976_film)
1976,Freaky Friday,https://en.wikipedia.org/wiki/Freaky_Friday_(1976_film)
1976,King Kong,https://en.wikipedia.org/wiki/King_Kong_(1976_film)
1976,Nickelodeon,https://en.wikipedia.org/wiki/Nickelodeon_(film)
1976,Voyage of the Damned,https://en.wikipedia.org/wiki/Voyage_of_the_Damned
1976,The Town That Dreaded Sundown,https://en.wikipedia.org/wiki/The_Town_That_Dreaded_Sundown_(1976_film)
1976,In Search of Noah's Ark,https://en.wikipedia.org/wiki/In_Search_of_Noah%27s_Ark
1977,Star Wars,https://en.wikipedia.org/wiki/Star_Wars_(film)
1977,Smokey and the Bandit,https://en.wikipedia.org/wiki/Smokey_and_the_Bandit
1977,Close Encounters of the Third Kind,https://en.wikipedia.org/wiki/Close_Encounters_of_the_Third_Kind
1977,Saturday Night Fever,https://en.wikipedia.org/wiki/Saturday_Night_Fever
1977,The Goodbye Girl,https://en.wikipedia.org/wiki/The_Goodbye_Girl
1977,A Bridge Too Far,https://en.wikipedia.org/wiki/A_Bridge_Too_Far_(film)
1977,The Deep,https://en.wikipedia.org/wiki/The_Deep_(1977_film)
1977,The Spy Who Loved Me,https://en.wikipedia.org/wiki/The_Spy_Who_Loved_Me_(film)
1977,"Oh, God!","https://en.wikipedia.org/wiki/Oh,_God!_(film)"
1977,Annie Hall,https://en.wikipedia.org/wiki/Annie_Hall
1977,Twilight's Last Gleaming,https://en.wikipedia.org/wiki/Twilight%27s_Last_Gleaming
1977,Wizards,https://en.wikipedia.org/wiki/Wizards_(film)
1977,In Search of Noah's Ark,https://en.wikipedia.org/wiki/In_Search_of_Noah%27s_Ark
1977,Thieves,https://en.wikipedia.org/wiki/Thieves_(1977_film)
1977,Tentacles,https://en.wikipedia.org/wiki/Tentacles_(film)
1977,Islands in the Stream,https://en.wikipedia.org/wiki/Islands_in_the_Stream_(film)
1977,Black Sunday,https://en.wikipedia.org/wiki/Black_Sunday_(1977_film)
1977,Airport '77,https://en.wikipedia.org/wiki/Airport_%2777
1977,The American Friend,https://en.wikipedia.org/wiki/The_American_Friend
1977,The Domino Principle,https://en.wikipedia.org/wiki/The_Domino_Principle
1977,Raggedy Ann & Andy: A Musical Adventure,https://en.wikipedia.org/wiki/Raggedy_Ann_%26_Andy:_A_Musical_Adventure
1977,The Van,https://en.wikipedia.org/wiki/The_Van_(1977_film)
1977,Rabid,https://en.wikipedia.org/wiki/Rabid_(1977_film)
1977,3 Women,https://en.wikipedia.org/wiki/3_Women
1977,The Man Who Loved Women,https://en.wikipedia.org/wiki/The_Man_Who_Loved_Women_(1977_film)
1977,The Picture Show Man,https://en.wikipedia.org/wiki/The_Picture_Show_Man
1977,The White Buffalo,https://en.wikipedia.org/wiki/The_White_Buffalo
1977,Joseph Andrews,https://en.wikipedia.org/wiki/Joseph_Andrews_(film)
1977,The Greatest,https://en.wikipedia.org/wiki/The_Greatest_(1977_film)
1977,Desperate Living,https://en.wikipedia.org/wiki/Desperate_Living
1977,Smokey and the Bandit,https://en.wikipedia.org/wiki/Smokey_and_the_Bandit
1977,Crossed Swords,https://en.wikipedia.org/wiki/Crossed_Swords_(1977_film)
1977,Grand Theft Auto,https://en.wikipedia.org/wiki/Grand_Theft_Auto_(film)
1977,Rollercoaster,https://en.wikipedia.org/wiki/Rollercoaster_(1977_film)
1977,The Getting of Wisdom,https://en.wikipedia.org/wiki/The_Getting_of_Wisdom_(film)
1977,The Rescuers,https://en.wikipedia.org/wiki/The_Rescuers
1977,Sorcerer,https://en.wikipedia.org/wiki/Sorcerer_(film)
1977,The Island of Dr. Moreau,https://en.wikipedia.org/wiki/The_Island_of_Dr._Moreau_(1977_film)
1977,MacArthur,https://en.wikipedia.org/wiki/MacArthur_(1977_film)
1977,The Last Remake of Beau Geste,https://en.wikipedia.org/wiki/The_Last_Remake_of_Beau_Geste
1977,Orca,https://en.wikipedia.org/wiki/Orca_(1977_film)
1977,The Hills Have Eyes,https://en.wikipedia.org/wiki/The_Hills_Have_Eyes_(1977_film)
1977,House,https://en.wikipedia.org/wiki/House_(1977_film)
1977,Walking Tall: Final Chapter,https://en.wikipedia.org/wiki/Walking_Tall:_Final_Chapter
1977,The Little Girl Who Lives Down the Lane,https://en.wikipedia.org/wiki/The_Little_Girl_Who_Lives_Down_the_Lane
1977,Suspiria,https://en.wikipedia.org/wiki/Suspiria
1977,Thunder and Lightning,https://en.wikipedia.org/wiki/Thunder_and_Lightning_(1977_film)
1977,Short Eyes,https://en.wikipedia.org/wiki/Short_Eyes_(film)
1977,Roseland,https://en.wikipedia.org/wiki/Roseland_(film)
1977,A Piece of the Action,https://en.wikipedia.org/wiki/A_Piece_of_the_Action_(film)
1977,Rolling Thunder,https://en.wikipedia.org/wiki/Rolling_Thunder_(film)
1977,Starship Invasions,https://en.wikipedia.org/wiki/Starship_Invasions
1977,Looking for Mr. Goodbar,https://en.wikipedia.org/wiki/Looking_for_Mr._Goodbar_(film)
1977,Ruby,https://en.wikipedia.org/wiki/Ruby_(1977_film)
1977,First Love,https://en.wikipedia.org/wiki/First_Love_(1977_film)
1977,Which Way Is Up?,https://en.wikipedia.org/wiki/Which_Way_Is_Up%3F
1977,The Pack,https://en.wikipedia.org/wiki/The_Pack_(1977_film)
1977,Planet of Dinosaurs,https://en.wikipedia.org/wiki/Planet_of_Dinosaurs
1977,Semi-Tough,https://en.wikipedia.org/wiki/Semi-Tough
1977,Scott Joplin,https://en.wikipedia.org/wiki/Scott_Joplin_(film)
1977,The Last Wave,https://en.wikipedia.org/wiki/The_Last_Wave
1977,Saturday Night Fever,https://en.wikipedia.org/wiki/Saturday_Night_Fever
1977,Telefon,https://en.wikipedia.org/wiki/Telefon_(film)
1977,Summer City,https://en.wikipedia.org/wiki/Summer_City
1977,High Anxiety,https://en.wikipedia.org/wiki/High_Anxiety
1977,Opening Night,https://en.wikipedia.org/wiki/Opening_Night_(1977_film)
1978,Grease,https://en.wikipedia.org/wiki/Grease_(film)
1978,Superman,https://en.wikipedia.org/wiki/Superman_(1978_film)
1978,National Lampoonâ€™s Animal House,https://en.wikipedia.org/wiki/Animal_House
1978,Every Which Way but Loose,https://en.wikipedia.org/wiki/Every_Which_Way_but_Loose_(film)
1978,Heaven Can Wait,https://en.wikipedia.org/wiki/Heaven_Can_Wait_(1978_film)
1978,Hooper,https://en.wikipedia.org/wiki/Hooper_(film)
1978,Jaws 2,https://en.wikipedia.org/wiki/Jaws_2
1978,Revenge of the Pink Panther,https://en.wikipedia.org/wiki/Revenge_of_the_Pink_Panther
1978,The Deer Hunter,https://en.wikipedia.org/wiki/The_Deer_Hunter
1978,Halloween,https://en.wikipedia.org/wiki/Halloween_(1978_film)
1978,"September 30, 1955","https://en.wikipedia.org/wiki/September_30,_1955"
1978,Mean Dog Blues,https://en.wikipedia.org/wiki/Mean_Dog_Blues
1978,The One and Only,https://en.wikipedia.org/wiki/The_One_and_Only_(1978_film)
1978,The Other Side of the Mountain Part 2,https://en.wikipedia.org/wiki/The_Other_Side_of_the_Mountain_Part_2
1978,The Serpent's Egg,https://en.wikipedia.org/wiki/The_Serpent%27s_Egg_(film)
1978,The Toolbox Murders,https://en.wikipedia.org/wiki/The_Toolbox_Murders
1978,Laserblast,https://en.wikipedia.org/wiki/Laserblast
1978,Sextette,https://en.wikipedia.org/wiki/Sextette
1978,Tomorrow Never Comes,https://en.wikipedia.org/wiki/Tomorrow_Never_Comes
1978,Gray Lady Down,https://en.wikipedia.org/wiki/Gray_Lady_Down
1978,Return from Witch Mountain,https://en.wikipedia.org/wiki/Return_from_Witch_Mountain
1978,The Fury,https://en.wikipedia.org/wiki/The_Fury_(1978_film)
1978,Casey's Shadow,https://en.wikipedia.org/wiki/Casey%27s_Shadow
1978,An Enemy of the People,https://en.wikipedia.org/wiki/An_Enemy_of_the_People_(1978_film)
1978,Passion Flower Hotel,https://en.wikipedia.org/wiki/Passion_Flower_Hotel
1978,The Scenic Route,https://en.wikipedia.org/wiki/The_Scenic_Route
1978,Silver Saddle,https://en.wikipedia.org/wiki/Silver_Saddle
1978,I Wanna Hold Your Hand,https://en.wikipedia.org/wiki/I_Wanna_Hold_Your_Hand_(film)
1978,Jennifer,https://en.wikipedia.org/wiki/Jennifer_(1978_film)
1978,Silver Bears,https://en.wikipedia.org/wiki/Silver_Bears
1978,The Last Waltz,https://en.wikipedia.org/wiki/The_Last_Waltz
1978,The Manitou,https://en.wikipedia.org/wiki/The_Manitou
1978,It Lives Again,https://en.wikipedia.org/wiki/It_Lives_Again
1978,The End,https://en.wikipedia.org/wiki/The_End_(1978_film)
1978,Martin,https://en.wikipedia.org/wiki/Martin_(1978_film)
1978,Nunzio,https://en.wikipedia.org/wiki/Nunzio_(film)
1978,Our Winning Season,https://en.wikipedia.org/wiki/Our_Winning_Season
1978,Thank God It's Friday,https://en.wikipedia.org/wiki/Thank_God_It%27s_Friday_(film)
1978,Youngblood,https://en.wikipedia.org/wiki/Youngblood_(1978_film)
1978,Big Wednesday,https://en.wikipedia.org/wiki/Big_Wednesday
1978,Here Come the Tigers,https://en.wikipedia.org/wiki/Here_Come_the_Tigers
1978,High-Ballin',https://en.wikipedia.org/wiki/High-Ballin%27
1978,Capricorn One,https://en.wikipedia.org/wiki/Capricorn_One
1978,Corvette Summer,https://en.wikipedia.org/wiki/Corvette_Summer
1978,The Jungle Book,https://en.wikipedia.org/wiki/The_Jungle_Book_(1967_film)
1978,Grease,https://en.wikipedia.org/wiki/Grease_(film)
1978,Jaws 2,https://en.wikipedia.org/wiki/Jaws_2
1978,The Shout,https://en.wikipedia.org/wiki/The_Shout
1978,Good Guys Wear Black,https://en.wikipedia.org/wiki/Good_Guys_Wear_Black
1978,The Great Smokey Roadblock,https://en.wikipedia.org/wiki/The_Great_Smokey_Roadblock
1978,Matilda,https://en.wikipedia.org/wiki/Matilda_(1978_film)
1978,Zero to Sixty,https://en.wikipedia.org/wiki/Zero_to_Sixty
1978,Heaven Can Wait,https://en.wikipedia.org/wiki/Heaven_Can_Wait_(1978_film)
1978,The Wild Geese,https://en.wikipedia.org/wiki/The_Wild_Geese
1978,Stunt Rock,https://en.wikipedia.org/wiki/Stunt_Rock
1978,Hooper,https://en.wikipedia.org/wiki/Hooper_(film)
1978,Mouth to Mouth,https://en.wikipedia.org/wiki/Mouth_to_Mouth_(1978_film)
1978,The Swarm,https://en.wikipedia.org/wiki/The_Swarm_(1978_film)
1978,International Velvet,https://en.wikipedia.org/wiki/International_Velvet_(film)
1978,Sgt. Pepper's Lonely Hearts Club Band,https://en.wikipedia.org/wiki/Sgt._Pepper%27s_Lonely_Hearts_Club_Band_(film)
1978,Star Wars,https://en.wikipedia.org/wiki/Star_Wars_(film)
1978,Interiors,https://en.wikipedia.org/wiki/Interiors
1978,The Magic of Lassie,https://en.wikipedia.org/wiki/The_Magic_of_Lassie
1978,Who'll Stop the Rain,https://en.wikipedia.org/wiki/Who%27ll_Stop_the_Rain
1978,Debbie Does Dallas,https://en.wikipedia.org/wiki/Debbie_Does_Dallas
1978,The Odd Job,https://en.wikipedia.org/wiki/The_Odd_Job
1978,Death on the Nile,https://en.wikipedia.org/wiki/Death_on_the_Nile_(1978_film)
1978,The Legacy,https://en.wikipedia.org/wiki/The_Legacy_(1978_film)
1978,Somebody Killed Her Husband,https://en.wikipedia.org/wiki/Somebody_Killed_Her_Husband
1978,Two Solitudes,https://en.wikipedia.org/wiki/Two_Solitudes_(film)
1978,Remember My Name,https://en.wikipedia.org/wiki/Remember_My_Name_(film)
1978,Drunken Master,https://en.wikipedia.org/wiki/Drunken_Master
1978,The Norseman,https://en.wikipedia.org/wiki/The_Norseman
1978,Who Is Killing the Great Chefs of Europe?,https://en.wikipedia.org/wiki/Who_Is_Killing_the_Great_Chefs_of_Europe%3F
1978,Bloodbrothers,https://en.wikipedia.org/wiki/Bloodbrothers_(1978_film)
1978,Midnight Express,https://en.wikipedia.org/wiki/Midnight_Express_(film)
1978,Goin' South,https://en.wikipedia.org/wiki/Goin%27_South
1978,Despair,https://en.wikipedia.org/wiki/Despair_(film)
1978,Halloween,https://en.wikipedia.org/wiki/Halloween_(1978_film)
1978,Money Movers,https://en.wikipedia.org/wiki/Money_Movers
1978,Power Play,https://en.wikipedia.org/wiki/Power_Play_(1978_film)
1978,Watership Down,https://en.wikipedia.org/wiki/Watership_Down_(film)
1978,Slow Dancing in the Big City,https://en.wikipedia.org/wiki/Slow_Dancing_in_the_Big_City
1978,Paradise Alley,https://en.wikipedia.org/wiki/Paradise_Alley
1978,The Thirty Nine Steps,https://en.wikipedia.org/wiki/The_Thirty_Nine_Steps_(1978_film)
1978,The Further Adventures of the Wilderness Family,https://en.wikipedia.org/wiki/The_Further_Adventures_of_the_Wilderness_Family
1978,Just a Gigolo,https://en.wikipedia.org/wiki/Just_a_Gigolo_(1978_film)
1978,The Lord of the Rings,https://en.wikipedia.org/wiki/The_Lord_of_the_Rings_(1978_film)
1978,Movie Movie,https://en.wikipedia.org/wiki/Movie_Movie
1978,"Same Time, Next Year","https://en.wikipedia.org/wiki/Same_Time,_Next_Year_(film)"
1978,I Spit on Your Grave,https://en.wikipedia.org/wiki/I_Spit_on_Your_Grave
1978,The Deer Hunter,https://en.wikipedia.org/wiki/The_Deer_Hunter
1978,Force 10 from Navarone,https://en.wikipedia.org/wiki/Force_10_from_Navarone_(film)
1978,Killer's Moon,https://en.wikipedia.org/wiki/Killer%27s_Moon
1978,Superman,https://en.wikipedia.org/wiki/Superman_(1978_film)
1978,King of the Gypsies,https://en.wikipedia.org/wiki/King_of_the_Gypsies_(film)
1978,Starcrash,https://en.wikipedia.org/wiki/Starcrash
1978,California Suite,https://en.wikipedia.org/wiki/California_Suite_(film)
1978,Invasion of the Body Snatchers,https://en.wikipedia.org/wiki/Invasion_of_the_Body_Snatchers_(1978_film)
1978,Moment by Moment,https://en.wikipedia.org/wiki/Moment_by_Moment
1978,They Went That-A-Way & That-A-Way,https://en.wikipedia.org/wiki/They_Went_That-A-Way_%26_That-A-Way
1979,Kramer vs. Kramer,https://en.wikipedia.org/wiki/Kramer_vs._Kramer
1979,The Amityville Horror,https://en.wikipedia.org/wiki/The_Amityville_Horror_(1979_film)
1979,Rocky II,https://en.wikipedia.org/wiki/Rocky_II
1979,Star Trek: The Motion Picture,https://en.wikipedia.org/wiki/Star_Trek:_The_Motion_Picture
1979,Alien,https://en.wikipedia.org/wiki/Alien_(film)
1979,Apocalypse Now,https://en.wikipedia.org/wiki/Apocalypse_Now
1979,10,https://en.wikipedia.org/wiki/10_(1979_film)
1979,The Jerk,https://en.wikipedia.org/wiki/The_Jerk
1979,Moonraker,https://en.wikipedia.org/wiki/Moonraker_(film)
1979,The Muppet Movie,https://en.wikipedia.org/wiki/The_Muppet_Movie
1979,Hardcore,https://en.wikipedia.org/wiki/Hardcore_(1979_film)
1979,Murder by Decree,https://en.wikipedia.org/wiki/Murder_by_Decree
1979,The North Avenue Irregulars,https://en.wikipedia.org/wiki/The_North_Avenue_Irregulars
1979,Quintet,https://en.wikipedia.org/wiki/Quintet_(film)
1979,The Warriors,https://en.wikipedia.org/wiki/The_Warriors_(film)
1979,Real Life,https://en.wikipedia.org/wiki/Real_Life_(1979_film)
1979,Take Down,https://en.wikipedia.org/wiki/Take_Down_(1979_film)
1979,Tourist Trap,https://en.wikipedia.org/wiki/Tourist_Trap_(film)
1979,Voices,https://en.wikipedia.org/wiki/Voices_(1979_film)
1979,The China Syndrome,https://en.wikipedia.org/wiki/The_China_Syndrome
1979,The Riddle of the Sands,https://en.wikipedia.org/wiki/The_Riddle_of_the_Sands_(film)
1979,Love at First Bite,https://en.wikipedia.org/wiki/Love_at_First_Bite
1979,A Perfect Couple,https://en.wikipedia.org/wiki/A_Perfect_Couple
1979,Mad Max,https://en.wikipedia.org/wiki/Mad_Max_(film)
1979,Tilt,https://en.wikipedia.org/wiki/Tilt_(1979_film)
1979,Dreamer,https://en.wikipedia.org/wiki/Dreamer_(1979_film)
1979,A Little Romance,https://en.wikipedia.org/wiki/A_Little_Romance
1979,Saint Jack,https://en.wikipedia.org/wiki/Saint_Jack_(film)
1979,Over the Edge,https://en.wikipedia.org/wiki/Over_the_Edge_(film)
1979,Beyond the Poseidon Adventure,https://en.wikipedia.org/wiki/Beyond_the_Poseidon_Adventure
1979,Jaws,https://en.wikipedia.org/wiki/Jaws_(film)
1979,The Prisoner of Zenda,https://en.wikipedia.org/wiki/The_Prisoner_of_Zenda_(1979_film)
1979,Wanda Nevada,https://en.wikipedia.org/wiki/Wanda_Nevada
1979,The Plumber,https://en.wikipedia.org/wiki/The_Plumber_(1979_film)
1979,The Driller Killer,https://en.wikipedia.org/wiki/The_Driller_Killer
1979,Goldengirl,https://en.wikipedia.org/wiki/Goldengirl
1979,The In-Laws,https://en.wikipedia.org/wiki/The_In-Laws_(1979_film)
1979,The Night the Prowler,https://en.wikipedia.org/wiki/The_Night_the_Prowler
1979,Prophecy,https://en.wikipedia.org/wiki/Prophecy_(film)
1979,Rocky II,https://en.wikipedia.org/wiki/Rocky_II
1979,Walk Proud,https://en.wikipedia.org/wiki/Walk_Proud
1979,The Water Babies,https://en.wikipedia.org/wiki/The_Water_Babies_(film)
1979,The Kirlian Witness,https://en.wikipedia.org/wiki/The_Kirlian_Witness
1979,The Main Event,https://en.wikipedia.org/wiki/The_Main_Event_(1979_film)
1979,The Muppet Movie,https://en.wikipedia.org/wiki/The_Muppet_Movie
1979,Nightwing,https://en.wikipedia.org/wiki/Nightwing_(film)
1979,The 36th Chamber of Shaolin,https://en.wikipedia.org/wiki/The_36th_Chamber_of_Shaolin
1979,Meatballs,https://en.wikipedia.org/wiki/Meatballs_(film)
1979,Moonraker,https://en.wikipedia.org/wiki/Moonraker_(film)
1979,Up from the Depths,https://en.wikipedia.org/wiki/Up_from_the_Depths
1979,Plague,https://en.wikipedia.org/wiki/Plague_(1979_film)
1979,Dracula,https://en.wikipedia.org/wiki/Dracula_(1979_film)
1979,The Frisco Kid,https://en.wikipedia.org/wiki/The_Frisco_Kid
1979,The Wanderers,https://en.wikipedia.org/wiki/The_Wanderers_(1979_film)
1979,Unidentified Flying Oddball,https://en.wikipedia.org/wiki/Unidentified_Flying_Oddball
1979,A Force of One,https://en.wikipedia.org/wiki/A_Force_of_One
1979,The Villain,https://en.wikipedia.org/wiki/The_Villain_(1979_film)
1979,More American Graffiti,https://en.wikipedia.org/wiki/More_American_Graffiti
1979,Hot Stuff,https://en.wikipedia.org/wiki/Hot_Stuff_(1979_film)
1979,Sunburn,https://en.wikipedia.org/wiki/Sunburn_(1979_film)
1979,Caligula,https://en.wikipedia.org/wiki/Caligula_(film)
1979,Star Wars,https://en.wikipedia.org/wiki/Star_Wars_(film)
1979,My Brilliant Career,https://en.wikipedia.org/wiki/My_Brilliant_Career_(film)
1979,The Prisoner of Zenda,https://en.wikipedia.org/wiki/The_Prisoner_of_Zenda_(1979_film)
1979,Rich Kids,https://en.wikipedia.org/wiki/Rich_Kids_(film)
1979,The Seduction of Joe Tynan,https://en.wikipedia.org/wiki/The_Seduction_of_Joe_Tynan
1979,The Tempest,https://en.wikipedia.org/wiki/The_Tempest_(1979_film)
1979,Yanks,https://en.wikipedia.org/wiki/Yanks
1979,Mr. Mike's Mondo Video,https://en.wikipedia.org/wiki/Mr._Mike%27s_Mondo_Video
1979,La Luna,https://en.wikipedia.org/wiki/La_Luna_(1979_film)
1979,"A Man, a Woman, and a Bank","https://en.wikipedia.org/wiki/A_Man,_a_Woman,_and_a_Bank"
1979,Sleeping Beauty,https://en.wikipedia.org/wiki/Sleeping_Beauty_(1959_film)
1979,Time After Time,https://en.wikipedia.org/wiki/Time_After_Time_(1979_film)
1979,When a Stranger Calls,https://en.wikipedia.org/wiki/When_a_Stranger_Calls_(1979_film)
1979,Wise Blood,https://en.wikipedia.org/wiki/Wise_Blood_(film)
1979,"Skatetown, U.S.A.","https://en.wikipedia.org/wiki/Skatetown,_U.S.A."
1979,Nosferatu the Vampyre,https://en.wikipedia.org/wiki/Nosferatu_the_Vampyre
1979,Avalanche Express,https://en.wikipedia.org/wiki/Avalanche_Express
1979,Chilly Scenes of Winter,https://en.wikipedia.org/wiki/Chilly_Scenes_of_Winter_(film)
1979,French Postcards,https://en.wikipedia.org/wiki/French_Postcards
1979,Jesus,https://en.wikipedia.org/wiki/Jesus_(1979_film)
1979,Meteor,https://en.wikipedia.org/wiki/Meteor_(film)
1979,The Great Santini,https://en.wikipedia.org/wiki/The_Great_Santini
1979,The Magician of Lublin,https://en.wikipedia.org/wiki/The_Magician_of_Lublin_(film)
1979,The Lady Vanishes,https://en.wikipedia.org/wiki/The_Lady_Vanishes_(1979_film)
1979,Promises in the Dark,https://en.wikipedia.org/wiki/Promises_in_the_Dark_(film)
1979,Quadrophenia,https://en.wikipedia.org/wiki/Quadrophenia_(film)
1979,Running,https://en.wikipedia.org/wiki/Running_(film)
1979,The Fish That Saved Pittsburgh,https://en.wikipedia.org/wiki/The_Fish_That_Saved_Pittsburgh
1979,Boardwalk,https://en.wikipedia.org/wiki/Boardwalk_(film)
1979,The Cat and the Canary,https://en.wikipedia.org/wiki/The_Cat_and_the_Canary_(1979_film)
1979,The Silent Scream,https://en.wikipedia.org/wiki/The_Silent_Scream_(1979_film)
1979,The Visitor,https://en.wikipedia.org/wiki/The_Visitor_(1979_film)
1979,Yesterday's Hero,https://en.wikipedia.org/wiki/Yesterday%27s_Hero
1979,Star Trek: The Motion Picture,https://en.wikipedia.org/wiki/Star_Trek:_The_Motion_Picture
1979,Wise Blood,https://en.wikipedia.org/wiki/Wise_Blood_(film)
1979,Chapter Two,https://en.wikipedia.org/wiki/Chapter_Two_(film)
1979,The Jerk,https://en.wikipedia.org/wiki/The_Jerk
1979,The War at Home,https://en.wikipedia.org/wiki/The_War_at_Home_(1979_film)
1979,The Human Factor,https://en.wikipedia.org/wiki/The_Human_Factor_(1979_film)
1979,Kramer vs. Kramer,https://en.wikipedia.org/wiki/Kramer_vs._Kramer
1979,Roller Boogie,https://en.wikipedia.org/wiki/Roller_Boogie
1979,The Black Hole,https://en.wikipedia.org/wiki/The_Black_Hole_(1979_film)
1979,Cuba,https://en.wikipedia.org/wiki/Cuba_(film)
1979,C.H.O.M.P.S.,https://en.wikipedia.org/wiki/C.H.O.M.P.S.
1979,The Electric Horseman,https://en.wikipedia.org/wiki/The_Electric_Horseman
1979,Scavenger Hunt,https://en.wikipedia.org/wiki/Scavenger_Hunt
