ParkName,Textbox33,ParkCode,Textbox5,Field1,Field2,Field3,Field4,Field5,Field6,Field6a,Field7,Field8,Field9,Field10,Field11,Field12,Field13,Field14,Field15,Field16,Field17,Field18,Field19,Field20,Field21,Field22,Field23,Field24,Field25,Field26,Field27,Field28,Field29,Field30,Field31,Field32,Field33,Field34,Field35,Field36,Field37
Greenbelt Park,5/2025,3535,May 2025,"33,625",0,"33,625","78,045","173,180",0,"173,180","459,923","56,178",0,0,0,0,"3,720","4,815","14,128","1,095",0,0,"4,815",0,166,0,0,"4,815","14,294","33,625","13,255",153.68%,0,0,0.00%,"33,625","13,255",153.68%,"78,045","36,752",112.36%

Field38,Field39,Field40
Campfire Programs,179,245
Off-Site Programs,0,0
Total Contacts,"1,138","3,264"
Total Programs Given,7,12
Total Vehicles At Main Entrance,"9,178","22,750"
Total Visitor Center,929,"2,938"
"Walks, Talks, Hikes",30,81

